順位,選手名,チーム,防御率,勝利,敗北,セlブ,ホlルド,投球回,被安打,被本塁打,与四死球,奪三振,自責点,WHIP,被安打率,被本打率,奪三振率,与四死率,DIPS,K/BB,HldR,PFR
1,山本　由伸,オリックス,1.68,15,5,0,0,193.0,137,6,47,205,36,0.93,6.39,0.28,9.56,2.19,2.13,4.88,.831,1.28
2,森下　暢仁,広島,3.17,10,8,0,0,178.2,195,13,52,133,63,1.34,9.82,0.65,6.70,2.62,3.45,3.02,.786,0.99
3,髙橋　光成,西武,2.20,12,8,0,0,175.2,153,9,62,128,43,1.16,7.84,0.46,6.56,3.18,3.35,2.51,.835,1.02
4,戸郷　翔征,巨人,2.62,12,8,0,0,171.2,146,11,59,154,50,1.15,7.65,0.58,8.07,3.09,3.17,3.02,.799,1.19
5,田中　将大,楽天,3.31,9,12,0,0,163.0,160,16,34,126,60,1.17,8.83,0.88,6.96,1.88,3.46,4.20,.753,0.96
6,青柳　晃洋,阪神,2.05,13,4,0,0,162.1,126,7,40,132,37,0.97,6.99,0.39,7.32,2.22,2.72,4.13,.811,1.01
7,大野　雄大,中日,2.46,8,8,0,0,157.0,126,7,43,108,43,1.04,7.22,0.40,6.19,2.46,3.13,2.92,.778,0.92
8,伊藤　大海,日本ハム,2.95,10,9,1,1,155.2,140,5,54,112,51,1.21,8.09,0.29,6.48,3.12,3.14,2.29,.757,1.03
9,柳　裕也,中日,3.64,9,11,0,0,153.1,154,17,42,124,62,1.25,9.04,1.00,7.28,2.47,3.75,3.35,.749,1.05
9,小川　泰弘,ヤクルト,2.82,8,8,0,0,153.1,145,16,35,91,48,1.15,8.51,0.94,5.34,2.05,3.95,2.84,.805,0.80
11,上沢　直之,日本ハム,3.38,8,9,0,0,152.0,129,15,59,127,57,1.18,7.64,0.89,7.52,3.49,3.90,2.54,.757,1.16
12,宮城　大弥,オリックス,3.16,11,8,0,0,148.1,137,11,36,127,52,1.13,8.31,0.67,7.71,2.18,3.08,4.23,.747,1.06
12,西　勇輝,阪神,2.18,9,9,0,0,148.1,132,8,31,93,36,1.07,8.01,0.49,5.64,1.88,3.13,3.58,.819,0.80
14,加藤　貴之,日本ハム,2.01,8,7,0,1,147.2,124,9,12,98,33,0.91,7.56,0.55,5.97,0.73,2.83,8.91,.811,0.74
15,菅野　智之,巨人,3.12,10,7,0,0,147.0,138,15,32,104,51,1.12,8.45,0.92,6.37,1.96,3.66,4.00,.768,0.88
16,小笠原　慎之介,中日,2.76,10,8,0,0,146.2,127,9,40,142,45,1.13,7.79,0.55,8.71,2.45,2.78,3.64,.772,1.23
17,千賀　滉大,ソフトバンク,1.94,11,6,0,0,144.0,103,7,52,156,31,1.06,6.44,0.44,9.75,3.25,2.67,3.18,.838,1.42
18,今永　昇太,DeNA,2.26,11,4,0,0,143.2,106,14,32,132,36,0.94,6.64,0.88,8.27,2.00,3.20,4.55,.823,1.12
19,小島　和哉,ロッテ,3.14,3,11,0,0,143.1,140,10,47,89,50,1.28,8.79,0.63,5.59,2.95,3.75,2.07,.774,0.92
20,岸　孝之,楽天,3.19,8,10,0,0,141.0,116,18,29,118,50,1.02,7.40,1.15,7.53,1.85,3.72,4.21,.748,1.04
21,九里　亜蓮,広島,3.33,6,9,0,0,140.1,147,13,61,121,52,1.43,9.43,0.83,7.76,3.91,3.84,2.28,.800,1.24
22,大貫　晋一,DeNA,2.77,11,8,0,0,136.2,126,13,44,118,42,1.19,8.30,0.86,7.77,2.90,3.55,3.28,.815,1.13
22,伊藤　将司,阪神,2.63,9,5,0,0,136.2,119,10,24,92,40,1.03,7.84,0.66,6.06,1.58,3.19,4.18,.774,0.83
24,石川　柊太,ソフトバンク,3.37,7,10,0,0,136.1,122,9,65,106,51,1.31,8.05,0.59,7.00,4.29,3.83,1.86,.764,1.20
25,東浜　巨,ソフトバンク,3.11,10,6,0,0,136.0,114,14,38,94,47,1.11,7.54,0.93,6.22,2.51,3.91,2.54,.761,0.96
26,大瀬良　大地,広島,4.72,8,9,0,0,135.1,156,18,29,97,71,1.35,10.37,1.20,6.45,1.93,4.01,3.59,.683,0.92
27,サイスニード,ヤクルト,3.54,9,6,0,0,132.1,140,17,31,96,52,1.25,9.52,1.16,6.53,2.11,4.04,3.69,.773,0.92
28,松本　航,西武,3.19,7,6,0,0,129.2,106,8,47,104,46,1.16,7.36,0.56,7.22,3.26,3.38,2.36,.738,1.14
29,佐々木　朗希,ロッテ,2.02,9,4,0,0,129.1,80,7,30,173,29,0.80,5.57,0.49,12.04,2.09,1.80,7.52,.786,1.52
30,山岡　泰輔,オリックス,2.60,6,8,0,1,128.0,118,6,34,99,37,1.13,8.30,0.42,6.96,2.39,2.98,3.67,.788,0.98
31,則本　昂大,楽天,3.53,10,8,0,0,125.0,127,9,42,104,49,1.32,9.14,0.65,7.49,3.02,3.40,2.74,.750,1.14
31,田嶋　大樹,オリックス,2.66,9,3,0,0,125.0,115,12,39,92,37,1.22,8.28,0.86,6.62,2.81,3.83,2.49,.824,1.03
33,石川　歩,ロッテ,2.93,7,7,0,0,123.0,128,12,24,67,40,1.20,9.37,0.88,4.90,1.76,3.81,3.35,.800,0.71
34,エンス,西武,2.94,10,7,0,0,122.1,103,14,48,92,40,1.21,7.58,1.03,6.77,3.53,4.28,2.04,.810,1.12
35,美馬　学,ロッテ,2.91,10,6,0,0,117.2,107,9,32,86,38,1.16,8.18,0.69,6.58,2.45,3.42,2.97,.777,0.98
36,髙橋　宏斗,中日,2.47,6,7,0,0,116.2,79,8,46,134,32,1.04,6.09,0.62,10.34,3.55,2.82,3.19,.795,1.51
37,與座　海人,西武,2.88,10,7,0,0,115.2,104,11,20,61,37,1.04,8.09,0.86,4.75,1.56,3.82,3.81,.770,0.67
38,ロメロ,ロッテ,3.36,8,9,0,0,115.1,107,7,40,77,43,1.26,8.35,0.55,6.01,3.12,3.61,2.03,.743,1.00
39,山﨑　福也,オリックス,3.45,5,8,0,2,114.2,112,13,33,91,44,1.21,8.79,1.02,7.14,2.59,3.87,3.37,.765,1.03
40,床田　寛樹,広島,2.84,8,6,0,0,114.0,87,10,32,74,36,1.01,6.87,0.79,5.84,2.53,3.75,2.64,.761,0.89
41,濵口　遥大,DeNA,3.36,8,7,0,0,112.1,104,8,35,88,42,1.22,8.33,0.64,7.05,2.80,3.39,2.67,.740,1.08
42,メルセデス,巨人,3.18,5,7,0,0,110.1,107,7,34,74,39,1.25,8.73,0.57,6.04,2.77,3.50,2.39,.761,0.95
43,原　樹理,ヤクルト,4.85,8,7,0,0,107.2,132,14,37,52,58,1.52,11.03,1.17,4.35,3.09,4.85,1.63,.716,0.78
44,早川　隆久,楽天,3.86,5,9,0,0,107.1,105,19,26,86,46,1.19,8.80,1.59,7.21,2.18,4.55,3.74,.759,1.02
45,遠藤　淳志,広島,3.59,4,7,0,0,105.1,104,17,21,78,42,1.16,8.89,1.45,6.66,1.79,4.31,4.33,.769,0.91
46,高梨　裕稔,ヤクルト,4.30,7,9,0,0,102.2,103,11,47,84,49,1.40,9.03,0.96,7.36,4.12,4.22,2.05,.727,1.22
46,高橋　奎二,ヤクルト,2.63,8,2,0,0,102.2,75,9,46,113,30,1.09,6.57,0.79,9.91,4.03,3.31,3.05,.813,1.46
48,大関　友久,ソフトバンク,2.93,7,6,0,0,101.1,88,8,32,70,33,1.14,7.82,0.71,6.22,2.84,3.71,2.50,.777,0.97
49,レイ,ソフトバンク,3.96,5,6,0,1,100.0,82,13,36,80,44,1.14,7.38,1.17,7.20,3.24,4.23,2.50,.705,1.12
49,松葉　貴大,中日,3.33,6,7,0,0,100.0,96,4,20,51,37,1.14,8.64,0.36,4.59,1.80,3.16,2.83,.705,0.69
51,山﨑　伊織,巨人,3.14,5,5,0,1,97.1,95,6,29,55,34,1.18,8.78,0.55,5.09,2.68,3.65,2.75,.763,0.77
52,シューメーカー,巨人,4.25,4,8,0,0,95.1,92,13,35,65,45,1.28,8.69,1.23,6.14,3.30,4.63,2.17,.719,1.00
53,ロメロ,DeNA,4.87,6,8,0,0,92.1,100,8,44,54,50,1.46,9.75,0.78,5.26,4.29,4.47,1.54,.691,0.96
53,ガンケル,阪神,2.73,5,5,0,0,92.1,80,6,19,52,28,1.04,7.80,0.58,5.07,1.85,3.42,3.25,.763,0.74
55,辛島　航,楽天,3.40,6,4,0,0,90.0,86,10,27,53,34,1.22,8.60,1.00,5.30,2.70,4.29,2.21,.767,0.86
56,石川　雅規,ヤクルト,4.50,6,4,0,0,84.0,93,16,18,39,42,1.29,9.96,1.71,4.18,1.93,5.24,2.60,.726,0.64
57,ポンセ,日本ハム,3.35,3,5,0,0,83.1,69,10,25,66,31,1.10,7.45,1.08,7.13,2.70,4.00,2.87,.750,1.07
58,石田　健大,DeNA,2.95,7,4,0,0,82.1,67,8,27,68,27,1.13,7.32,0.87,7.43,2.95,3.61,2.62,.779,1.14
59,隅田　知一郎,西武,3.75,1,10,0,0,81.2,90,4,31,73,34,1.47,9.92,0.44,8.04,3.42,3.11,2.43,.744,1.26
60,平井　克典,西武,2.89,6,8,0,2,81.0,77,7,33,48,26,1.28,8.56,0.78,5.33,3.67,4.24,1.78,.816,0.93
60,和田　毅,ソフトバンク,2.78,7,4,0,0,81.0,64,3,23,75,25,1.06,7.11,0.33,8.33,2.56,2.60,3.41,.738,1.20
62,赤星　優志,巨人,4.04,5,5,0,5,78.0,81,8,36,52,35,1.45,9.35,0.92,6.00,4.15,4.47,1.63,.752,1.08
62,瀧中　瞭太,楽天,4.62,2,9,0,0,78.0,94,12,30,42,40,1.55,10.85,1.38,4.85,3.46,5.20,1.56,.750,0.88
64,西　純矢,阪神,2.68,6,3,0,0,77.1,67,7,20,60,23,1.11,7.80,0.81,6.98,2.33,3.52,3.16,.800,1.02
65,上原　健太,日本ハム,3.19,3,5,0,1,73.1,73,2,24,59,26,1.28,8.96,0.25,7.24,2.95,2.85,2.81,.747,1.09
66,ワゲスパック,オリックス,2.97,2,6,5,7,72.2,63,4,33,81,24,1.27,7.80,0.50,10.03,4.09,2.97,2.79,.783,1.51
67,ウィルカーソン,阪神,4.08,5,5,0,0,70.2,70,4,22,54,32,1.29,8.92,0.51,6.88,2.80,3.22,2.57,.682,1.06
68,木澤　尚文,ヤクルト,2.94,9,3,0,8,70.1,57,3,24,52,23,1.11,7.29,0.38,6.65,3.07,3.18,2.48,.744,1.04
69,アンダーソン,広島,3.60,3,4,0,0,70.0,61,9,26,59,28,1.20,7.84,1.16,7.59,3.34,4.22,2.57,.756,1.17
70,伊勢　大夢,DeNA,1.72,3,3,1,39,68.0,52,1,22,69,13,1.01,6.88,0.13,9.13,2.91,2.08,4.06,.836,1.26
71,藤浪　晋太郎,阪神,3.38,3,5,0,0,66.2,58,6,24,65,25,1.19,7.83,0.81,8.78,3.24,3.38,3.10,.750,1.29
71,上茶谷　大河,DeNA,4.73,3,6,0,0,66.2,65,8,19,49,35,1.23,8.78,1.08,6.62,2.57,3.93,2.88,.645,0.99
73,エスコバー,DeNA,2.42,4,2,2,34,63.1,48,4,34,51,17,1.22,6.82,0.57,7.25,4.83,3.85,1.76,.833,1.26
73,吉田　輝星,日本ハム,4.26,2,3,0,5,63.1,53,5,24,40,30,1.20,7.53,0.71,5.68,3.41,4.02,1.74,.653,0.99
75,入江　大生,DeNA,3.00,5,1,0,10,63.0,49,4,27,69,21,1.19,7.00,0.57,9.86,3.86,2.95,2.65,.764,1.51
76,板東　湧梧,ソフトバンク,3.18,3,3,0,3,62.1,45,8,26,48,22,1.11,6.50,1.16,6.93,3.75,4.45,2.00,.778,1.16
77,根本　悠楓,日本ハム,2.52,3,3,0,1,60.2,52,8,28,53,17,1.25,7.71,1.19,7.86,4.15,4.47,2.21,.875,1.27
78,今井　達也,西武,2.41,5,1,0,0,59.2,37,3,39,61,16,1.19,5.58,0.45,9.20,5.88,3.69,1.79,.822,1.59
79,大西　広樹,ヤクルト,4.45,3,2,0,3,58.2,74,8,17,42,29,1.52,11.35,1.23,6.44,2.61,4.13,2.80,.747,0.97
80,湯浅　京己,阪神,1.09,2,3,0,43,58.0,38,1,12,67,7,0.86,5.90,0.16,10.40,1.86,1.65,5.58,.878,1.36
81,平良　海馬,西武,1.56,1,3,9,34,57.2,36,2,20,75,10,0.94,5.62,0.31,11.71,3.12,1.80,4.17,.852,1.61
82,大勢,巨人,2.05,1,3,37,8,57.0,38,7,16,60,13,0.89,6.00,1.11,9.47,2.53,3.45,4.62,.872,1.28
83,東條　大樹,ロッテ,2.08,4,4,0,30,56.1,51,3,14,63,13,1.08,8.15,0.48,10.07,2.24,2.21,6.30,.839,1.30
83,藤井　皓哉,ソフトバンク,1.12,5,1,3,22,56.1,18,4,28,81,7,0.80,2.88,0.64,12.94,4.47,2.50,3.00,.929,1.92
85,水上　由伸,西武,1.77,4,4,1,31,56.0,34,1,22,40,11,0.91,5.46,0.16,6.43,3.54,3.05,2.35,.818,1.02
85,本前　郁也,ロッテ,4.66,3,2,0,0,56.0,61,14,28,40,29,1.55,9.80,2.25,6.43,4.50,6.39,1.54,.800,1.18
85,涌井　秀章,楽天,3.54,4,3,0,0,56.0,50,6,11,35,22,1.07,8.04,0.96,5.63,1.77,3.85,3.50,.709,0.80
88,西口　直人,楽天,2.26,4,0,0,30,55.2,39,2,28,59,14,1.17,6.31,0.32,9.54,4.53,2.87,2.27,.815,1.53
88,Ｒ．マルティネス,中日,0.97,4,3,39,5,55.2,30,2,16,62,6,0.75,4.85,0.32,10.02,2.59,2.11,5.17,.909,1.33
88,松本　竜也,広島,3.56,4,2,0,4,55.2,58,5,18,54,22,1.31,9.38,0.81,8.73,2.91,3.26,3.60,.761,1.24
88,京山　将弥,DeNA,3.23,2,2,0,1,55.2,56,4,35,39,20,1.54,9.05,0.65,6.31,5.66,4.54,1.30,.816,1.24
92,岩崎　優,阪神,1.96,1,6,28,11,55.0,63,1,12,44,12,1.33,10.31,0.16,7.20,1.96,2.36,4.40,.851,0.98
93,ロドリゲス,中日,1.15,6,2,0,39,54.2,32,0,22,60,7,0.91,5.27,0.00,9.88,3.62,2.02,3.33,.870,1.43
94,山﨑　康晃,DeNA,1.33,0,2,37,3,54.1,29,4,9,42,8,0.70,4.80,0.66,6.96,1.49,2.97,4.67,.882,0.94
95,マクガフ,ヤクルト,2.35,2,2,38,4,53.2,39,5,14,59,14,0.97,6.54,0.84,9.89,2.35,2.80,4.54,.813,1.34
96,今村　信貴,巨人,3.57,2,4,0,21,53.0,45,3,26,34,21,1.26,7.64,0.51,5.77,4.42,3.99,1.55,.735,1.06
97,モイネロ,ソフトバンク,1.03,1,1,24,8,52.2,22,2,22,87,6,0.80,3.76,0.34,14.87,3.76,1.51,4.35,.905,2.03
98,佐藤　奨真,ロッテ,4.64,2,6,0,0,52.1,48,4,17,28,27,1.22,8.25,0.69,4.82,2.92,4.02,1.75,.623,0.84
99,益田　直也,ロッテ,3.29,1,2,25,8,52.0,46,6,22,47,19,1.25,7.96,1.04,8.13,3.81,3.91,2.47,.790,1.27
100,宋　家豪,楽天,2.61,4,2,0,20,51.2,45,5,15,38,15,1.16,7.84,0.87,6.62,2.61,3.72,2.53,.818,1.03
100,松井　裕樹,楽天,1.92,1,3,32,7,51.2,21,4,19,83,11,0.77,3.66,0.70,14.46,3.31,1.96,4.37,.806,1.97
102,北山　亘基,日本ハム,3.51,3,5,9,16,51.1,37,3,32,58,20,1.27,6.49,0.53,10.17,5.61,3.43,2.07,.742,1.68
102,増田　達至,西武,2.45,2,5,31,5,51.1,37,7,10,34,14,0.92,6.49,1.23,5.96,1.75,3.98,3.40,.825,0.86
104,藤嶋　健人,中日,2.13,2,1,0,10,50.2,39,3,12,43,12,0.99,6.93,0.53,7.64,2.13,2.90,3.91,.813,1.07
104,松本　裕樹,ソフトバンク,2.66,5,1,0,15,50.2,40,6,15,60,15,1.07,7.11,1.07,10.66,2.66,3.12,4.29,.816,1.46
104,東　克樹,DeNA,4.62,1,6,0,0,50.2,67,5,12,41,26,1.52,11.90,0.89,7.28,2.13,3.50,4.10,.716,1.01
107,清水　達也,中日,3.04,3,3,1,32,50.1,28,1,18,51,17,0.89,5.01,0.18,9.12,3.22,2.37,3.00,.644,1.35
107,本田　圭佑,西武,1.97,4,2,0,20,50.1,37,2,18,33,11,1.03,6.62,0.36,5.90,3.22,3.34,2.20,.830,0.95
109,平内　龍太,巨人,4.32,4,4,0,13,50.0,53,4,16,39,24,1.32,9.54,0.72,7.02,2.88,3.56,3.00,.692,1.04
110,安樂　智大,楽天,4.38,6,2,1,13,49.1,51,2,14,39,24,1.28,9.30,0.36,7.11,2.55,2.86,3.25,.651,1.03
110,矢崎　拓也,広島,1.82,2,0,1,17,49.1,35,2,25,51,10,1.22,6.39,0.36,9.30,4.56,3.04,2.04,.862,1.54
112,宮川　哲,西武,2.59,1,0,1,1,48.2,46,3,19,44,14,1.34,8.51,0.55,8.14,3.51,3.22,2.32,.823,1.29
113,栗林　良吏,広島,1.49,0,2,31,6,48.1,22,0,17,59,8,0.77,4.10,0.00,10.99,3.17,1.61,3.93,.795,1.53
114,坂本　裕哉,DeNA,6.19,0,5,0,0,48.0,52,9,24,28,33,1.52,9.75,1.69,5.25,4.50,5.89,1.33,.642,1.02
115,浜地　真澄,阪神,1.14,1,3,0,21,47.1,38,3,5,38,6,0.91,7.23,0.57,7.23,0.95,2.59,7.60,.925,0.91
115,二木　康太,ロッテ,4.18,2,4,0,0,47.1,48,6,23,42,22,1.44,9.13,1.14,7.99,4.37,4.39,2.10,.754,1.31
117,佐藤　隼輔,西武,4.60,3,4,0,0,47.0,47,1,26,33,24,1.47,9.00,0.19,6.32,4.98,3.65,1.50,.681,1.17
117,才木　浩人,阪神,1.53,4,1,0,0,47.0,40,4,11,43,8,1.09,7.66,0.77,8.23,2.11,3.03,3.91,.915,1.15
119,清水　昇,ヤクルト,1.16,5,4,0,28,46.2,23,1,15,43,6,0.79,4.44,0.19,8.29,2.89,2.33,3.07,.865,1.22
120,高梨　雄平,巨人,2.14,2,0,0,25,46.1,32,1,23,44,11,1.10,6.22,0.19,8.55,4.47,2.86,2.32,.815,1.36
120,津森　宥紀,ソフトバンク,2.91,4,6,1,18,46.1,36,4,26,51,15,1.29,6.99,0.78,9.91,5.05,3.66,2.13,.810,1.62
120,森浦　大輔,広島,3.30,3,6,0,24,46.1,47,4,19,48,17,1.36,9.13,0.78,9.32,3.69,3.21,3.00,.790,1.38
123,今野　龍太,ヤクルト,3.72,1,2,1,16,46.0,45,4,18,37,19,1.33,8.80,0.78,7.24,3.52,3.75,2.31,.746,1.15
123,ゲレーロ,ロッテ,3.52,3,3,3,24,46.0,34,2,25,63,18,1.17,6.65,0.39,12.33,4.89,2.51,3.15,.719,1.80
123,平野　佳寿,オリックス,1.57,3,2,28,8,46.0,25,3,14,42,8,0.80,4.89,0.59,8.22,2.74,3.05,3.50,.861,1.17
123,小澤　怜史,ヤクルト,4.11,2,1,0,0,46.0,48,4,23,44,21,1.41,9.39,0.78,8.61,4.50,3.77,2.59,.746,1.33
127,鍬原　拓也,巨人,5.16,3,2,0,13,45.1,50,3,13,30,26,1.37,9.93,0.60,5.96,2.58,3.38,2.50,.617,0.93
128,阿部　翔太,オリックス,0.61,1,0,3,22,44.0,22,1,12,42,3,0.73,4.50,0.20,8.59,2.45,2.19,4.20,.939,1.18
129,本田　仁海,オリックス,3.50,2,3,2,14,43.2,39,3,20,40,17,1.26,8.04,0.62,8.24,4.12,3.49,2.50,.750,1.28
129,玉村　昇悟,広島,3.92,2,2,0,0,43.2,46,2,14,21,19,1.35,9.48,0.41,4.33,2.89,3.72,1.62,.707,0.78
129,勝野　昌慶,中日,4.53,0,4,0,0,43.2,46,6,14,36,22,1.35,9.48,1.24,7.42,2.89,4.22,2.77,.704,1.12
132,祖父江　大輔,中日,3.80,4,3,1,17,42.2,42,3,14,32,18,1.29,8.86,0.63,6.75,2.95,3.38,2.46,.717,1.05
132,杉浦　稔大,日本ハム,5.27,3,6,0,0,42.2,45,5,12,48,25,1.29,9.49,1.05,10.13,2.53,3.24,4.80,.615,1.36
134,杉山　一樹,ソフトバンク,6.80,1,3,0,0,42.1,45,10,27,37,32,1.68,9.57,2.13,7.87,5.74,6.36,1.42,.645,1.49
135,岩貞　祐太,阪神,2.57,2,1,0,11,42.0,34,1,14,38,12,1.10,7.29,0.21,8.14,3.00,2.55,3.17,.766,1.19
135,平田　真吾,DeNA,4.29,4,3,0,10,42.0,47,5,10,39,20,1.31,10.07,1.07,8.36,2.14,3.52,4.88,.712,1.12
137,野村　祐輔,広島,5.23,2,3,0,0,41.1,55,4,14,18,24,1.67,11.98,0.87,3.92,3.05,4.45,1.29,.692,0.77
137,上田　洸太朗,中日,2.83,1,5,0,0,41.1,34,2,20,33,13,1.23,7.40,0.44,7.19,4.35,3.53,1.94,.788,1.21
139,小野　郁,ロッテ,1.99,0,0,0,18,40.2,36,2,17,33,9,1.28,7.97,0.44,7.30,3.76,3.24,2.06,.863,1.20
140,ビドル,オリックス,4.02,4,5,0,13,40.1,36,4,27,45,18,1.39,8.03,0.89,10.04,6.02,4.11,2.25,.763,1.61
141,ケムナ　誠,広島,3.20,4,0,0,14,39.1,37,1,21,37,14,1.40,8.47,0.23,8.47,4.81,3.09,2.06,.772,1.40
142,梅野　雄吾,ヤクルト,3.00,4,3,0,16,39.0,37,6,16,26,13,1.33,8.54,1.38,6.00,3.69,4.86,1.73,.851,1.05
143,アルカンタラ,阪神,4.70,1,3,1,17,38.1,38,5,9,29,20,1.20,8.92,1.17,6.81,2.11,4.01,3.63,.643,0.97
143,スミス,西武,3.29,1,0,1,4,38.1,30,0,15,37,14,1.15,7.04,0.00,8.69,3.52,2.36,2.64,.689,1.33
145,鈴木　翔天,楽天,4.03,1,3,0,7,38.0,25,2,27,35,17,1.32,5.92,0.47,8.29,6.39,4.01,1.40,.700,1.58
145,鈴木　健矢,日本ハム,2.84,2,1,0,3,38.0,33,2,17,25,12,1.21,7.82,0.47,5.92,4.03,3.67,1.92,.792,1.00
147,玉井　大翔,日本ハム,3.35,1,1,0,19,37.2,37,1,17,16,14,1.43,8.84,0.24,3.82,4.06,3.81,0.94,.755,0.88
147,田中　健二朗,DeNA,2.63,3,0,0,13,37.2,31,5,16,25,11,1.19,7.41,1.19,5.97,3.82,4.63,1.79,.857,1.04
147,ターリー,広島,3.11,2,4,0,14,37.2,26,7,18,32,13,1.12,6.21,1.67,7.65,4.30,5.11,2.00,.838,1.27
150,森脇　亮介,西武,1.72,1,1,1,10,36.2,30,2,10,33,7,1.04,7.36,0.49,8.10,2.45,2.77,4.13,.868,1.12
150,廣畑　敦也,ロッテ,4.91,0,1,0,2,36.2,48,5,17,29,20,1.72,11.78,1.23,7.12,4.17,4.54,1.93,.750,1.20
152,西野　勇士,ロッテ,1.73,3,3,0,15,36.1,28,4,17,35,7,1.24,6.94,0.99,8.67,4.21,3.95,2.06,.927,1.43
153,田口　麗斗,ヤクルト,1.25,1,1,2,18,36.0,30,0,11,31,5,1.06,7.50,0.00,7.75,2.75,2.15,3.88,.878,1.08
153,石山　泰稚,ヤクルト,1.75,2,0,0,16,36.0,27,0,16,35,7,1.14,6.75,0.00,8.75,4.00,2.34,2.50,.837,1.36
153,コール,ヤクルト,2.75,2,0,0,6,36.0,25,3,15,32,11,1.08,6.25,0.75,8.00,3.75,3.59,2.29,.784,1.28
153,山﨑　颯一郎,オリックス,3.00,0,2,1,6,36.0,30,2,11,29,12,1.11,7.50,0.50,7.25,2.75,3.06,2.90,.744,1.08
157,古川　侑利,日本ハム,4.08,0,1,0,3,35.1,37,3,26,32,16,1.73,9.42,0.76,8.15,6.62,4.45,1.33,.783,1.58
158,河野　竜生,日本ハム,4.41,0,2,1,1,34.2,36,3,14,25,17,1.36,9.35,0.78,6.49,3.63,4.01,2.27,.702,1.04
159,森　唯斗,ソフトバンク,2.62,2,4,6,3,34.1,30,4,13,27,10,1.22,7.86,1.05,7.08,3.41,4.20,2.25,.846,1.14
159,堀田　賢慎,巨人,6.29,2,3,0,0,34.1,38,5,17,24,24,1.57,9.96,1.31,6.29,4.46,5.01,1.50,.620,1.17
161,堀　瑞輝,日本ハム,5.82,1,5,5,11,34.0,41,4,19,34,22,1.68,10.85,1.06,9.00,5.03,4.33,2.13,.679,1.47
162,酒居　知史,楽天,3.31,1,1,0,1,32.2,23,4,21,32,12,1.22,6.34,1.10,8.82,5.79,4.68,1.88,.800,1.50
162,ケラー,阪神,3.31,3,2,3,5,32.2,25,2,7,46,12,0.92,6.89,0.55,12.67,1.93,1.74,9.20,.667,1.56
164,石橋　良太,楽天,6.12,2,0,0,3,32.1,35,3,16,18,22,1.45,9.74,0.84,5.01,4.45,4.70,1.50,.604,0.93
165,石川　直也,日本ハム,3.94,2,2,6,8,32.0,26,1,14,37,14,1.22,7.31,0.28,10.41,3.94,2.43,2.85,.667,1.56
166,ブセニッツ,楽天,2.27,3,1,0,11,31.2,22,1,10,25,8,1.01,6.25,0.28,7.11,2.84,2.90,2.50,.774,1.11
166,ボー・タカハシ,西武,2.56,0,0,0,2,31.2,19,2,22,26,9,1.07,5.40,0.57,7.39,6.25,4.38,1.73,.821,1.29
168,谷元　圭介,中日,2.61,0,0,1,6,31.0,30,3,12,21,9,1.35,8.71,0.87,6.10,3.48,3.80,1.75,.846,1.06
169,森　博人,中日,2.67,1,0,0,0,30.1,29,4,17,23,9,1.42,8.60,1.19,6.82,5.04,4.90,1.64,.881,1.22
170,近藤　大亮,オリックス,2.10,1,4,2,15,30.0,25,3,8,27,7,1.07,7.50,0.90,8.10,2.40,3.32,3.86,.867,1.13
170,又吉　克樹,ソフトバンク,2.10,3,3,1,14,30.0,27,4,8,22,7,1.17,8.10,1.20,6.60,2.40,3.99,2.75,.903,1.00
170,山本　拓実,中日,3.60,1,0,0,4,30.0,24,2,18,19,12,1.37,7.20,0.60,5.70,5.40,4.42,1.12,.750,1.20
173,加治屋　蓮,阪神,2.43,0,2,0,7,29.2,26,1,14,30,8,1.31,7.89,0.30,9.10,4.25,2.75,2.31,.821,1.45
173,佐々木　健,西武,3.03,3,0,0,5,29.2,29,0,22,24,10,1.58,8.80,0.00,7.28,6.67,3.63,1.33,.804,1.42
173,オスナ,ロッテ,0.91,4,1,10,9,29.2,15,1,4,32,3,0.61,4.55,0.30,9.71,1.21,1.81,10.67,.889,1.18
176,泉　圭輔,ソフトバンク,3.72,0,2,0,6,29.0,24,3,10,25,12,1.14,7.45,0.93,7.76,3.10,3.78,2.78,.710,1.17
176,根尾　昂,中日,3.41,0,0,0,1,29.0,23,2,15,22,11,1.21,7.14,0.62,6.83,4.66,3.95,1.83,.750,1.17
178,畠　世周,巨人,3.14,3,0,1,5,28.2,22,3,14,22,10,1.26,6.91,0.94,6.91,4.40,4.20,1.57,.788,1.26
179,武田　翔太,ソフトバンク,2.57,2,1,0,0,28.0,25,2,18,34,8,1.43,8.04,0.64,10.93,5.79,3.55,2.27,.854,1.75
180,福　敬登,中日,4.55,2,2,0,3,27.2,25,3,14,25,14,1.34,8.13,0.98,8.13,4.55,4.02,2.08,.694,1.34
181,嘉弥真　新也,ソフトバンク,0.99,0,0,0,28,27.1,18,1,12,22,3,1.06,5.93,0.33,7.24,3.95,3.19,2.00,.931,1.21
181,デラロサ,巨人,2.30,0,0,1,11,27.1,18,2,12,24,7,1.02,5.93,0.66,7.90,3.95,3.63,2.40,.821,1.24
183,久保　拓眞,ヤクルト,2.70,1,0,0,7,26.2,19,1,15,19,8,1.20,6.41,0.34,6.41,5.06,3.65,1.46,.788,1.20
183,黒木　優太,オリックス,2.36,2,2,1,5,26.2,20,3,9,21,7,1.09,6.75,1.01,7.09,3.04,4.02,2.33,.846,1.13
183,髙橋　優貴,巨人,5.40,1,5,0,0,26.2,34,1,18,21,16,1.95,11.48,0.34,7.09,6.08,4.06,1.17,.706,1.46
186,竹安　大知,オリックス,3.81,2,0,0,0,26.0,27,1,10,20,11,1.42,9.35,0.35,6.92,3.46,3.24,2.00,.722,1.15
187,佐々木　千隼,ロッテ,6.39,2,3,0,1,25.1,35,2,11,17,18,1.82,12.43,0.71,6.04,3.91,3.87,1.55,.636,1.11
187,小沼　健太,ロッテ,6.04,1,1,0,1,25.1,30,4,14,15,17,1.74,10.66,1.42,5.33,4.97,5.65,1.07,.675,1.14
189,甲斐野　央,ソフトバンク,2.52,2,0,0,3,25.0,19,0,14,27,7,1.32,6.84,0.00,9.72,5.04,2.52,1.93,.788,1.64
189,メネズ,日本ハム,1.08,1,0,0,6,25.0,14,1,14,28,3,1.08,5.04,0.36,10.08,5.04,3.08,2.15,.926,1.64
191,三上　朋也,DeNA,3.65,0,0,0,0,24.2,28,3,9,19,10,1.46,10.22,1.09,6.93,3.28,4.01,2.38,.794,1.09
191,椎野　新,ソフトバンク,4.01,0,0,0,1,24.2,25,2,15,21,11,1.58,9.12,0.73,7.66,5.47,4.17,1.50,.763,1.42
191,小川　一平,阪神,4.38,0,2,0,0,24.2,16,3,12,22,12,1.01,5.84,1.09,8.03,4.38,4.13,2.44,.640,1.26
194,井口　和朋,日本ハム,5.18,2,0,1,6,24.1,34,3,6,27,14,1.56,12.58,1.11,9.99,2.22,3.12,6.75,.703,1.27
194,村西　良太,オリックス,4.44,1,1,0,8,24.1,23,4,18,27,12,1.64,8.51,1.48,9.99,6.66,4.89,1.59,.784,1.81
196,薮田　和樹,広島,4.13,1,0,0,1,24.0,19,2,15,16,11,1.38,7.13,0.75,6.00,5.63,4.75,1.14,.719,1.25
196,石井　大智,阪神,0.75,0,1,0,0,24.0,11,2,11,24,2,0.83,4.13,0.75,9.00,4.13,3.33,2.67,1.000,1.38
196,井上　温大,巨人,6.00,1,1,0,0,24.0,28,4,7,27,16,1.46,10.50,1.50,10.13,2.63,3.91,3.86,.613,1.42
199,中﨑　翔太,広島,6.46,2,5,0,7,23.2,27,6,11,18,17,1.56,10.27,2.28,6.85,4.18,5.91,1.80,.656,1.18
199,西垣　雅矢,楽天,2.66,0,0,0,0,23.2,20,2,10,15,7,1.27,7.61,0.76,5.70,3.80,4.22,1.50,.821,1.06
201,宮森　智志,楽天,1.54,1,1,1,7,23.1,12,0,14,23,4,1.03,4.63,0.00,8.87,5.40,2.95,1.92,.846,1.50
201,齋藤　友貴哉,阪神,5.01,0,1,0,0,23.1,23,2,13,27,13,1.41,8.87,0.77,10.41,5.01,3.59,2.70,.676,1.59
203,秋山　拓巳,阪神,5.48,1,3,0,0,23.0,29,1,3,15,14,1.39,11.35,0.39,5.87,1.17,2.77,5.00,.581,0.78
203,福谷　浩司,中日,9.00,1,3,0,0,23.0,42,3,9,14,23,2.22,16.43,1.17,5.48,3.52,4.77,1.56,.583,1.00
205,張　奕,オリックス,2.38,0,0,0,0,22.2,23,0,12,20,6,1.46,9.13,0.00,7.94,4.76,2.94,2.00,.829,1.32
205,藤平　尚真,楽天,3.97,1,0,0,0,22.2,15,0,12,17,10,1.19,5.96,0.00,6.75,4.76,3.21,1.42,.630,1.28
207,八木　彬,ロッテ,3.63,0,0,0,0,22.1,25,3,8,21,9,1.48,10.07,1.21,8.46,3.22,3.93,2.63,.800,1.30
207,宇田川　優希,オリックス,0.81,2,1,0,3,22.1,10,1,12,32,2,0.99,4.03,0.40,12.90,4.84,2.18,2.67,.952,1.97
209,戸田　懐生,巨人,6.55,1,0,0,0,22.0,33,6,7,15,16,1.77,13.50,2.45,6.14,2.86,6.26,2.50,.706,0.95
210,田島　慎二,中日,4.57,0,0,0,1,21.2,22,2,9,9,11,1.38,9.14,0.83,3.74,3.74,4.74,1.13,.690,0.78
210,西村　天裕,日本ハム,4.98,0,0,0,0,21.2,22,4,11,25,12,1.48,9.14,1.66,10.38,4.57,4.60,2.50,.724,1.62
210,スアレス,ヤクルト,6.23,0,0,0,0,21.2,27,4,7,16,15,1.57,11.22,1.66,6.65,2.91,5.01,2.29,.633,1.06
213,比嘉　幹貴,オリックス,2.53,5,0,1,5,21.1,20,1,4,24,6,1.03,8.44,0.42,10.13,1.69,2.04,12.00,.783,1.22
214,クロール,巨人,3.86,1,1,1,5,21.0,17,1,11,15,9,1.29,7.29,0.43,6.43,4.71,3.88,1.50,.704,1.19
214,クリスキー,DeNA,2.57,1,1,1,4,21.0,15,2,13,26,6,1.33,6.43,0.86,11.14,5.57,3.74,2.00,.846,1.86
216,宮西　尚生,日本ハム,5.66,0,3,1,7,20.2,20,1,12,14,13,1.50,8.71,0.44,6.10,5.23,3.99,1.27,.613,1.21
216,宮國　椋丞,DeNA,8.71,0,0,0,2,20.2,35,6,6,13,20,1.94,15.24,2.61,5.66,2.61,6.51,2.60,.600,0.87
218,ガゼルマン,DeNA,2.66,1,1,0,0,20.1,15,1,8,12,6,1.03,6.64,0.44,5.31,3.54,3.76,2.00,.773,0.89
219,高木　京介,巨人,2.79,0,1,0,2,19.1,19,1,8,13,6,1.40,8.84,0.47,6.05,3.72,3.69,1.63,.808,1.09
220,島内　颯太郎,広島,3.79,0,3,0,7,19.0,21,2,12,20,8,1.68,9.95,0.95,9.47,5.68,4.12,1.82,.806,1.63
220,森　翔平,広島,1.89,1,0,0,1,19.0,22,1,9,10,4,1.58,10.42,0.47,4.74,4.26,4.17,1.25,.900,0.95
220,河村　説人,ロッテ,3.32,2,0,0,0,19.0,18,1,10,9,7,1.47,8.53,0.47,4.26,4.74,4.44,0.90,.778,1.00
223,直江　大輔,巨人,3.38,1,1,0,0,18.2,12,2,11,16,7,1.07,5.79,0.96,7.71,5.30,4.57,2.00,.762,1.29
223,アンドリース,巨人,4.82,0,2,0,0,18.2,28,3,5,18,10,1.71,13.50,1.45,8.68,2.41,4.08,4.50,.767,1.18
223,藤井　聖,楽天,3.38,1,2,0,0,18.2,16,1,10,10,7,1.39,7.71,0.48,4.82,4.82,4.35,1.00,.760,1.07
223,田中　瑛斗,日本ハム,4.82,1,3,0,0,18.2,22,3,14,8,10,1.55,10.61,1.45,3.86,6.75,6.60,1.14,.788,0.80
227,渡邉　雄大,阪神,2.45,3,1,0,10,18.1,16,2,5,18,5,1.09,7.85,0.98,8.84,2.45,3.23,4.50,.842,1.20
228,菊地　大稀,巨人,5.60,0,2,0,0,17.2,16,2,14,21,11,1.64,8.15,1.02,10.70,7.13,4.59,1.62,.679,1.92
228,椋木　蓮,オリックス,1.02,2,1,0,0,17.2,8,0,9,21,2,0.91,4.08,0.00,10.70,4.58,2.27,2.63,.882,1.64
230,塹江　敦哉,広島,3.12,3,2,0,6,17.1,13,1,9,8,6,1.21,6.75,0.52,4.15,4.67,4.33,1.00,.762,0.92
231,鍵谷　陽平,巨人,3.71,2,0,0,3,17.0,21,4,5,9,7,1.53,11.12,2.12,4.76,2.65,6.00,1.80,.864,0.82
231,笠谷　俊介,ソフトバンク,6.35,0,0,0,0,17.0,19,4,14,14,12,1.65,10.06,2.12,7.41,7.41,7.00,1.56,.724,1.35
231,笠原　祥太郎,中日,5.29,1,2,0,0,17.0,18,4,10,8,10,1.59,9.53,2.12,4.24,5.29,6.83,0.89,.750,1.00
234,ロドリゲス,日本ハム,2.20,3,2,0,8,16.1,14,0,4,13,4,1.04,7.71,0.00,7.16,2.20,2.08,4.33,.778,0.98
234,岩下　大輝,ロッテ,0.55,1,0,0,3,16.1,6,1,8,9,1,0.86,3.31,0.55,4.96,4.41,4.10,1.13,1.000,1.04
234,池田　隆英,日本ハム,3.31,1,3,0,0,16.1,15,0,6,11,6,1.29,8.27,0.00,6.06,3.31,2.88,1.83,.714,1.04
237,唐川　侑己,ロッテ,5.28,2,1,0,8,15.1,14,3,3,8,9,1.04,8.22,1.76,4.70,1.76,5.21,4.00,.571,0.65
237,十亀　剣,西武,2.35,0,0,0,0,15.1,15,2,9,15,4,1.50,8.80,1.17,8.80,5.28,4.42,1.88,.909,1.50
237,コルニエル,広島,3.52,0,0,0,0,15.1,15,2,5,19,6,1.24,8.80,1.17,11.15,2.93,3.32,4.75,.778,1.50
240,大下　佑馬,ヤクルト,4.20,0,0,0,1,15.0,16,4,3,11,7,1.27,9.60,2.40,6.60,1.80,5.72,3.67,.800,0.93
241,小木田　敦也,オリックス,3.14,0,0,0,5,14.1,16,1,6,13,5,1.53,10.05,0.63,8.16,3.77,3.47,2.17,.810,1.33
241,戸根　千明,巨人,5.02,0,0,0,0,14.1,16,4,4,9,8,1.33,10.05,2.51,5.65,2.51,6.33,3.00,.750,0.84
241,桐敷　拓馬,阪神,5.02,0,3,0,0,14.1,20,2,4,16,8,1.67,12.56,1.26,10.05,2.51,3.12,4.00,.727,1.40
244,島本　浩也,阪神,2.57,0,0,0,2,14.0,12,1,2,11,4,1.00,7.71,0.64,7.07,1.29,2.91,5.50,.769,0.93
244,田中　靖洋,ロッテ,8.36,0,1,0,2,14.0,25,2,10,6,13,2.50,16.07,1.29,3.86,6.43,5.83,0.60,.667,1.14
244,藤井　黎來,広島,3.86,0,1,0,0,14.0,10,1,10,15,6,1.36,6.43,0.64,9.64,6.43,3.83,1.67,.737,1.71
247,弓削　隼人,楽天,3.29,0,1,1,0,13.2,14,2,8,5,5,1.46,9.22,1.32,3.29,5.27,6.05,0.83,.850,0.80
247,バルガス,オリックス,6.59,0,1,0,2,13.2,18,1,8,11,10,1.90,11.85,0.66,7.24,5.27,4.22,1.38,.640,1.39
249,渡邉　勇太朗,西武,6.08,1,1,0,0,13.1,15,1,12,6,9,1.95,10.13,0.68,4.05,8.10,5.90,0.55,.692,1.28
250,東　晃平,オリックス,4.85,1,0,0,0,13.0,17,1,6,7,7,1.69,11.77,0.69,4.85,4.15,4.20,1.40,.727,0.92
250,金子　千尋,日本ハム,4.85,1,2,0,0,13.0,15,0,1,11,7,1.23,10.38,0.00,7.62,0.69,1.66,11.00,.563,0.92
250,鈴木　博志,中日,4.15,0,1,0,1,13.0,11,0,6,9,6,1.23,7.62,0.00,6.23,4.15,3.12,1.80,.647,1.08
253,砂田　毅樹,DeNA,5.68,0,0,0,0,12.2,17,2,6,8,8,1.74,12.08,1.42,5.68,4.26,5.09,1.60,.714,1.03
253,三嶋　一輝,DeNA,2.84,2,2,1,5,12.2,8,1,6,11,4,1.11,5.68,0.71,7.82,4.26,3.59,1.83,.769,1.34
253,渡邊　佑樹,楽天,2.13,0,0,0,1,12.2,7,0,9,10,3,0.87,4.97,0.00,7.11,6.39,3.67,2.50,.813,1.11
256,中村　稔弥,ロッテ,8.03,0,0,0,1,12.1,17,0,10,10,11,2.11,12.41,0.00,7.30,7.30,3.69,1.11,.593,1.54
256,星　知弥,ヤクルト,4.38,0,1,0,0,12.1,14,2,7,12,6,1.62,10.22,1.46,8.76,5.11,4.98,2.00,.789,1.46
256,鈴木　昭汰,ロッテ,7.30,1,3,0,0,12.1,22,1,9,5,10,2.51,16.05,0.73,3.65,6.57,5.55,0.56,.700,1.14
256,岡野　祐一郎,中日,12.41,1,3,0,0,12.1,20,3,8,7,17,2.19,14.59,2.19,5.11,5.84,7.09,1.00,.440,1.14
256,山下　輝,ヤクルト,1.46,1,1,0,0,12.1,14,0,6,3,2,1.54,10.22,0.00,2.19,4.38,4.09,0.60,.900,0.65
261,Ｋ－鈴木,オリックス,6.75,0,1,0,2,12.0,12,3,3,13,9,1.25,9.00,2.25,9.75,2.25,4.95,4.33,.500,1.33
261,津留﨑　大成,楽天,4.50,0,0,0,2,12.0,16,0,6,7,6,1.83,12.00,0.00,5.25,4.50,3.20,1.17,.727,1.08
261,市川　悠太,ヤクルト,7.50,0,0,0,0,12.0,17,1,7,6,10,1.92,12.75,0.75,4.50,5.25,4.95,1.00,.609,1.00
261,内海　哲也,西武,3.00,0,1,0,0,12.0,12,2,2,8,4,1.17,9.00,1.50,6.00,1.50,4.45,4.00,.833,0.83
261,大道　温貴,広島,6.75,0,1,0,0,12.0,16,5,4,8,9,1.58,12.00,3.75,6.00,3.00,8.20,2.67,.733,0.92
266,小林　慶祐,阪神,1.59,0,0,0,0,11.1,12,1,4,9,2,1.41,9.53,0.79,7.15,3.18,3.47,2.25,.933,1.15
266,尾形　崇斗,ソフトバンク,5.56,1,0,0,0,11.1,14,2,6,11,7,1.76,11.12,1.59,8.74,4.76,5.06,1.83,.722,1.50
268,福井　優也,楽天,4.09,0,0,0,1,11.0,14,1,4,7,5,1.64,11.45,0.82,5.73,3.27,3.85,1.75,.765,1.00
269,坂本　光士郎,ヤクルト,9.28,0,1,0,0,10.2,15,4,10,11,11,2.25,12.66,3.38,9.28,8.44,8.75,1.22,.667,1.88
269,立野　和明,日本ハム,10.13,1,2,0,0,10.2,16,1,5,4,12,1.88,13.50,0.84,3.38,4.22,5.00,1.00,.450,0.75
271,福田　俊,日本ハム,0.87,0,0,0,3,10.1,7,0,7,11,1,1.35,6.10,0.00,9.58,6.10,3.02,1.57,.929,1.74
271,山田　修義,オリックス,4.35,1,0,0,2,10.1,11,0,5,14,5,1.45,9.58,0.00,12.19,4.35,1.86,3.50,.688,1.74
271,中川　虎大,DeNA,4.35,0,0,0,0,10.1,8,1,8,11,5,1.45,6.97,0.87,9.58,6.97,4.57,1.57,.733,1.74
274,奥村　政稔,ソフトバンク,0.90,0,0,0,0,10.0,5,1,1,7,1,0.60,4.50,0.90,6.30,0.90,3.32,7.00,1.000,0.80
274,生田目　翼,日本ハム,3.60,0,1,0,0,10.0,7,0,5,7,4,1.10,6.30,0.00,6.30,4.50,3.22,1.75,.667,1.10
276,黒原　拓未,広島,6.52,0,0,0,1,9.2,11,0,5,11,7,1.55,10.24,0.00,10.24,4.66,2.40,2.75,.563,1.55
277,谷川　昌希,日本ハム,3.86,0,0,0,0,9.1,10,1,3,8,4,1.39,9.64,0.96,7.71,2.89,3.76,2.67,.750,1.18
277,金久保　優斗,ヤクルト,7.71,1,1,0,0,9.1,13,3,2,4,8,1.61,12.54,2.89,3.86,1.93,6.76,2.00,.583,0.64
277,増井　浩俊,オリックス,3.86,0,2,0,0,9.1,13,0,4,11,4,1.82,12.54,0.00,10.61,3.86,2.05,2.75,.765,1.61
280,公文　克彦,西武,0.00,0,0,0,7,9.0,5,0,6,8,0,1.11,5.00,0.00,8.00,6.00,3.34,1.60,1.000,1.44
280,望月　大希,日本ハム,7.00,0,0,0,0,9.0,15,1,5,8,7,2.11,15.00,1.00,8.00,5.00,4.45,2.00,.684,1.33
280,吉田　大喜,ヤクルト,3.00,0,1,0,0,9.0,14,1,5,7,3,2.11,14.00,1.00,7.00,5.00,4.68,1.40,.889,1.33
283,一岡　竜司,広島,2.08,1,0,0,1,8.2,15,0,1,7,2,1.85,15.58,0.00,7.27,1.04,1.85,7.00,.875,0.92
283,坂本　光士郎,ロッテ,4.15,0,0,0,1,8.2,9,3,1,6,4,1.15,9.35,3.12,6.23,1.04,6.58,6.00,.857,0.81
283,森木　大智,阪神,6.23,0,2,0,0,8.2,9,0,3,6,6,1.38,9.35,0.00,6.23,3.12,2.08,2.00,.500,1.04
286,桜井　俊貴,巨人,14.04,2,0,0,0,8.1,13,3,8,9,13,2.28,14.04,3.24,9.72,8.64,8.52,1.50,.444,1.80
286,三浦　銀二,DeNA,10.80,0,0,0,0,8.1,16,2,1,8,10,2.04,17.28,2.16,8.64,1.08,4.68,8.00,.467,1.08
286,橋本　侑樹,中日,9.72,0,0,0,0,8.1,12,2,6,5,9,1.80,12.96,2.16,5.40,6.48,7.20,1.67,.563,0.96
289,菊池　保則,広島,5.63,0,0,0,2,8.0,10,2,5,6,5,1.75,11.25,2.25,6.75,5.63,6.37,1.50,.769,1.25
289,森　遼大朗,ロッテ,10.13,0,1,0,0,8.0,11,1,5,4,9,2.00,12.38,1.13,4.50,5.63,5.62,0.80,.467,1.13
291,北浦　竜次,日本ハム,2.35,0,0,1,0,7.2,10,0,5,6,2,1.96,11.74,0.00,7.04,5.87,3.51,1.20,.867,1.43
292,ビエイラ,巨人,9.82,0,2,0,0,7.1,9,3,9,8,8,2.32,11.05,3.68,9.82,11.05,9.94,1.00,.667,2.18
292,富山　凌雅,オリックス,11.05,0,0,0,3,7.1,10,3,3,7,9,1.77,12.27,3.68,8.59,3.68,7.76,2.33,.400,1.36
292,田上　奏大,ソフトバンク,2.45,0,0,0,0,7.1,4,0,6,2,2,1.36,4.91,0.00,2.45,7.36,5.03,0.33,.800,1.09
295,馬場　皐輔,阪神,5.14,0,1,0,0,7.0,12,1,3,7,4,2.14,15.43,1.29,9.00,3.86,3.41,2.33,.786,1.43
295,大竹　耕太郎,ソフトバンク,6.43,0,2,0,0,7.0,10,1,3,5,5,1.71,12.86,1.29,6.43,3.86,4.83,2.50,.667,1.00
297,中村　勝,オリックス,8.53,0,1,0,0,6.1,12,0,4,4,6,2.37,17.05,0.00,5.68,5.68,3.75,1.33,.625,1.11
297,高田　孝一,楽天,7.11,0,0,0,0,6.1,8,2,4,9,5,1.89,11.37,2.84,12.79,5.68,6.28,2.25,.700,2.05
299,小峯　新陸,楽天,6.00,0,0,0,0,6.0,9,0,5,4,4,2.33,13.50,0.00,6.00,7.50,4.29,0.80,.714,1.50
299,森原　康平,DeNA,6.00,0,0,0,0,6.0,6,2,0,8,4,1.00,9.00,3.00,12.00,0.00,4.79,∞,.500,1.33
299,岡田　俊哉,中日,9.00,0,2,0,0,6.0,9,1,4,5,6,2.17,13.50,1.50,7.50,6.00,5.62,1.25,.583,1.50
299,釜田　佳直,楽天,6.00,0,0,0,0,6.0,10,0,3,2,4,2.17,15.00,0.00,3.00,4.50,3.95,0.67,.692,0.83
303,大曲　錬,西武,6.35,0,0,0,0,5.2,5,0,4,0,4,1.59,7.94,0.00,0.00,6.35,5.24,0.00,.556,0.71
303,山本　大貴,ヤクルト,7.94,0,0,0,0,5.2,10,3,1,4,5,1.94,15.88,4.76,6.35,1.59,9.12,4.00,.750,0.88
305,池谷　蒼大,DeNA,3.38,1,0,0,0,5.1,3,1,7,7,2,1.88,5.06,1.69,11.81,11.81,6.87,1.00,.889,2.63
305,齋藤　綱記,オリックス,6.75,0,0,0,0,5.1,7,0,1,5,4,1.50,11.81,0.00,8.44,1.69,1.81,5.00,.500,1.13
305,大江　竜聖,巨人,1.69,0,0,0,0,5.1,5,1,4,5,1,1.50,8.44,1.69,8.44,6.75,5.93,1.67,1.000,1.50
305,石川　達也,DeNA,8.44,0,0,0,0,5.1,4,1,8,3,5,2.06,6.75,1.69,5.06,13.50,8.93,0.43,.636,1.88
309,井納　翔一,巨人,1.80,1,0,0,1,5.0,5,0,2,4,1,1.40,9.00,0.00,7.20,3.60,2.72,2.00,.857,1.20
309,国吉　佑樹,ロッテ,1.80,0,0,0,0,5.0,5,0,3,4,1,1.60,9.00,0.00,7.20,5.40,3.32,1.33,.875,1.40
309,田中　正義,ソフトバンク,0.00,0,0,0,1,5.0,2,0,0,6,0,0.40,3.60,0.00,10.80,0.00,0.72,∞,1.000,1.20
309,小野　泰己,阪神,1.80,0,0,0,0,5.0,7,1,3,7,1,2.00,12.60,1.80,12.60,5.40,4.72,2.33,1.000,2.00
309,吉川　雄大,楽天,1.80,0,0,0,0,5.0,3,0,1,2,1,0.80,5.40,0.00,3.60,1.80,2.92,2.00,.750,0.60
309,髙田　萌生,楽天,7.20,0,0,0,0,5.0,5,1,5,5,4,2.00,9.00,1.80,9.00,9.00,6.12,1.00,.667,2.00
315,田浦　文丸,ソフトバンク,9.64,0,0,0,1,4.2,7,1,2,4,5,1.50,13.50,1.93,7.71,3.86,5.48,∞,.500,0.86
316,柿木　蓮,日本ハム,2.08,0,0,0,0,4.1,2,1,2,1,1,0.92,4.15,2.08,2.08,4.15,7.04,0.50,1.000,0.69
317,佐藤　優,中日,11.25,0,0,0,0,4.0,7,1,2,3,5,2.25,15.75,2.25,6.75,4.50,6.37,1.50,.500,1.25
317,東妻　勇輔,ロッテ,6.75,0,0,0,0,4.0,9,2,2,1,3,2.75,20.25,4.50,2.25,4.50,10.62,0.50,.889,0.75
317,奥川　恭伸,ヤクルト,2.25,0,0,0,0,4.0,2,1,1,3,1,0.75,4.50,2.25,6.75,2.25,5.62,3.00,1.000,1.00
317,松井　友飛,楽天,9.00,0,0,0,0,4.0,6,1,2,3,4,2.00,13.50,2.25,6.75,4.50,6.37,1.50,.571,1.25
317,有吉　優樹,DeNA,6.75,0,1,0,0,4.0,4,0,2,1,3,1.25,9.00,0.00,2.25,4.50,4.12,1.00,.500,0.50
322,能見　篤史,オリックス,2.45,0,0,0,1,3.2,2,0,2,2,1,1.09,4.91,0.00,4.91,4.91,3.67,1.00,.750,1.09
323,吉田　凌,オリックス,8.10,1,1,0,2,3.1,5,1,1,3,3,1.80,13.50,2.70,8.10,2.70,6.12,3.00,.600,1.20
323,高橋　礼,ソフトバンク,13.50,0,0,0,0,3.1,5,0,4,2,5,2.70,13.50,0.00,5.40,10.80,5.52,0.50,.444,1.80
323,フランスア,広島,8.10,0,0,0,0,3.1,2,0,6,4,3,2.10,5.40,0.00,10.80,16.20,6.12,0.80,.625,2.70
326,田村　伊知郎,西武,6.00,0,0,0,0,3.0,3,0,1,1,2,1.33,9.00,0.00,3.00,3.00,3.45,1.00,.500,0.67
326,ピープルズ,DeNA,15.00,0,2,0,0,3.0,9,0,1,4,5,3.33,27.00,0.00,12.00,3.00,1.45,4.00,.500,1.67
326,福山　博之,楽天,0.00,0,0,0,0,3.0,3,0,0,3,0,1.00,9.00,0.00,9.00,0.00,1.12,∞,1.000,1.00
326,タバーレス,中日,6.00,0,0,0,0,3.0,4,0,3,4,2,2.00,12.00,0.00,12.00,9.00,3.45,2.00,.714,2.00
326,マルク,中日,12.00,0,0,0,0,3.0,5,0,2,0,4,2.33,15.00,0.00,0.00,6.00,5.12,0.00,.429,0.67
326,阪口　皓亮,DeNA,9.00,0,0,0,0,3.0,4,1,1,2,3,1.67,12.00,3.00,6.00,3.00,7.12,2.00,.500,1.00
326,達　孝太,日本ハム,0.00,0,0,0,0,3.0,1,0,3,0,0,1.33,3.00,0.00,0.00,9.00,6.12,0.00,1.000,1.00
326,種市　篤暉,ロッテ,9.00,0,0,0,0,3.0,5,1,4,2,3,3.00,15.00,3.00,6.00,12.00,10.12,0.50,.750,2.00
326,横川　凱,巨人,15.00,0,1,0,0,3.0,7,0,1,0,5,2.67,21.00,0.00,0.00,3.00,4.12,0.00,.375,0.33
335,中村　亮太,ソフトバンク,33.75,0,0,0,0,2.2,11,1,4,1,10,5.25,37.13,3.38,3.38,13.50,11.75,0.33,.357,1.50
336,森原　康平,楽天,0.00,0,0,0,1,2.1,3,0,1,3,0,1.71,11.57,0.00,11.57,3.86,1.83,3.00,1.000,1.71
336,宮台　康平,ヤクルト,19.29,0,0,0,0,2.1,4,0,1,4,5,2.14,15.43,0.00,15.43,3.86,0.98,4.00,.000,2.14
338,佐野　泰雄,西武,0.00,0,0,0,0,2.0,0,0,3,0,0,1.00,0.00,0.00,0.00,13.50,7.62,0.00,1.000,1.00
338,秋吉　亮,ソフトバンク,13.50,0,0,0,0,2.0,4,1,0,1,3,2.00,18.00,4.50,4.50,0.00,8.62,∞,.333,0.50
338,長谷川　威展,日本ハム,0.00,0,0,0,1,2.0,2,0,1,2,0,1.50,9.00,0.00,9.00,4.50,2.62,2.00,1.000,1.50
338,山本　一輝,巨人,0.00,0,0,0,0,2.0,2,0,1,0,0,1.50,9.00,0.00,0.00,4.50,4.62,0.00,1.000,0.50
338,山口　俊,巨人,0.00,0,0,0,0,2.0,0,0,2,4,0,1.00,0.00,0.00,18.00,9.00,2.12,2.00,1.000,3.00
338,尾仲　祐哉,阪神,9.00,0,0,0,0,2.0,4,0,1,2,2,2.50,18.00,0.00,9.00,4.50,1.12,2.00,.600,1.50
344,土肥　星也,ロッテ,0.00,1,0,0,0,1.0,2,0,1,0,0,3.00,18.00,0.00,0.00,9.00,6.12,0.00,1.000,1.00
344,及川　雅貴,阪神,9.00,0,0,0,0,1.0,1,1,0,0,1,1.00,9.00,9.00,0.00,0.00,16.12,∞,∞,0.00
344,内間　拓馬,楽天,0.00,0,0,0,0,1.0,1,0,0,0,0,1.00,9.00,0.00,0.00,0.00,3.12,∞,1.000,0.00
344,柴田　大地,ヤクルト,9.00,0,0,0,0,1.0,5,0,1,2,1,6.00,45.00,0.00,18.00,9.00,2.12,2.00,.833,3.00
344,畔柳　亨丞,日本ハム,0.00,0,0,0,1,1.0,1,0,0,0,0,1.00,9.00,0.00,0.00,0.00,3.12,∞,1.000,0.00
344,小林　樹斗,広島,9.00,0,0,0,0,1.0,2,0,1,0,1,3.00,18.00,0.00,0.00,9.00,6.12,0.00,.667,1.00
344,松浦　慶斗,日本ハム,18.00,0,1,0,0,1.0,2,0,1,0,2,3.00,18.00,0.00,0.00,9.00,6.12,0.00,.333,1.00
344,竹山　日向,ヤクルト,0.00,0,0,0,0,1.0,0,0,0,1,0,0.00,0.00,0.00,9.00,0.00,1.12,∞,∞,1.00
352,杉山　晃基,ヤクルト,0.00,0,0,0,0,0.2,2,0,0,0,0,3.00,27.00,0.00,0.00,0.00,3.12,∞,1.000,0.00
352,横山　陸人,ロッテ,27.00,0,0,0,0,0.2,2,0,1,1,2,4.50,27.00,0.00,13.50,13.50,4.62,1.00,.333,3.00
354,岩嵜　翔,中日,-,0,0,0,0,0.0,0,0,1,0,1,-,-,-,-,-,-,0.00,.000,-
