順位,選手名,チーム,打率,試合,打席数,打数,得点,安打,二塁打,三塁打,本塁打,塁打,打点,盗塁,盗塁刺,犠打,犠飛,四球,敬遠,死球,三振,併殺打,出塁率,長打率
1,荻野　貴司,ロッテ,.296,143,643,570,86,169,33,5,10,242,45,24,11,5,3,53,0,12,70,5,.367,.425
2,鈴木　大地,楽天,.277,143,628,552,70,153,19,3,10,208,53,3,2,13,5,52,0,6,51,12,.343,.377
3,佐野　恵太,DeNA,.303,143,615,545,73,165,34,2,17,254,72,0,1,0,4,61,1,5,73,14,.376,.466
3,中村　奨吾,ロッテ,.283,143,615,506,78,143,36,2,9,210,67,12,7,15,8,76,1,10,90,8,.382,.415
3,村上　宗隆,ヤクルト,.278,143,615,500,82,139,27,0,39,283,112,12,7,0,3,106,6,6,133,12,.408,.566
6,近本　光司,阪神,.313,140,612,569,91,178,33,5,10,251,50,24,7,4,2,33,0,4,58,6,.354,.441
7,島内　宏明,楽天,.257,141,599,486,64,125,34,5,21,232,96,2,2,2,6,97,2,8,87,15,.385,.477
8,栗原　陵矢,ソフトバンク,.275,143,596,531,71,146,32,3,21,247,77,7,2,3,7,53,1,2,90,9,.339,.465
8,大島　洋平,中日,.292,141,596,548,54,160,19,5,1,192,34,16,8,1,2,42,5,3,60,4,.345,.350
10,浅村　栄斗,楽天,.269,143,595,483,70,130,18,1,18,204,67,1,0,0,7,101,5,4,96,24,.395,.422
11,柳田　悠岐,ソフトバンク,.300,141,593,516,95,155,36,2,28,279,80,6,0,0,2,69,8,6,122,6,.388,.541
12,岡本　和真,巨人,.265,143,592,521,71,138,19,1,39,276,113,1,1,0,7,57,4,7,108,16,.341,.530
13,山田　哲人,ヤクルト,.272,137,581,493,84,134,18,0,34,254,101,4,3,0,7,76,0,5,100,10,.370,.515
14,桑原　将志,DeNA,.310,135,571,519,84,161,39,2,14,246,43,12,7,4,0,44,1,4,75,12,.369,.474
15,宮﨑　敏郎,DeNA,.301,141,569,519,61,156,32,0,16,236,73,0,0,0,5,41,3,4,53,15,.353,.455
16,中村　晃,ソフトバンク,.245,139,552,462,49,113,20,2,8,161,56,1,1,11,6,70,3,3,59,8,.344,.348
17,西川　龍馬,広島,.286,137,551,504,57,144,19,1,12,201,60,3,3,4,4,37,1,2,70,14,.335,.399
18,西川　遥輝,日本ハム,.233,130,547,447,68,104,19,5,3,142,35,24,11,3,4,89,1,4,99,3,.362,.318
19,レアード,ロッテ,.262,136,545,485,57,127,18,0,29,232,95,0,1,0,7,50,4,3,109,15,.330,.478
19,近藤　健介,日本ハム,.298,133,545,447,61,133,37,4,11,211,69,4,1,0,6,88,3,4,84,11,.413,.472
21,宗　佑磨,オリックス,.272,139,543,481,71,131,17,7,9,189,42,8,4,14,2,33,1,13,62,15,.335,.393
22,杉本　裕太郎,オリックス,.301,134,542,478,73,144,20,2,32,264,83,3,3,0,3,51,4,10,116,15,.378,.552
22,菊池　涼介,広島,.277,132,542,494,64,137,23,2,16,212,60,1,5,2,3,42,2,1,86,8,.333,.429
24,塩見　泰隆,ヤクルト,.278,140,534,474,80,132,21,7,14,209,59,21,5,2,0,48,1,10,156,1,.357,.441
25,鈴木　誠也,広島,.317,132,533,435,77,138,26,0,38,278,88,9,4,0,5,87,11,6,88,7,.433,.639
26,ビシエド,中日,.275,130,526,480,44,132,23,1,17,208,70,1,2,0,3,35,9,8,56,15,.333,.433
26,マルテ,阪神,.258,128,526,446,55,115,18,1,22,201,71,0,0,0,2,74,3,4,72,16,.367,.451
28,中野　拓夢,阪神,.273,135,525,466,45,127,15,4,1,153,36,30,2,20,4,29,5,6,81,6,.321,.328
29,牧　秀悟,DeNA,.314,137,523,487,73,153,35,3,22,260,71,2,1,1,2,27,1,6,85,16,.356,.534
30,高橋　周平,中日,.259,137,520,475,40,123,27,0,5,165,39,1,0,0,4,40,4,1,79,21,.315,.347
30,森　友哉,西武,.309,125,520,431,70,133,32,2,11,202,41,5,2,1,3,79,3,6,65,4,.420,.469
32,源田　壮亮,西武,.272,119,516,464,60,126,15,7,2,161,29,24,9,17,2,31,0,2,67,5,.319,.347
33,大山　悠輔,阪神,.260,129,512,466,55,121,23,2,21,211,71,2,1,0,7,37,1,2,89,15,.313,.453
34,岡島　豪郎,楽天,.280,126,507,461,40,129,30,4,8,191,56,3,6,5,4,28,1,9,94,9,.331,.414
35,青木　宣親,ヤクルト,.258,122,501,446,57,115,29,0,9,171,56,0,0,0,2,43,1,10,44,10,.335,.383
36,マーティン,ロッテ,.233,116,499,416,66,97,30,0,27,208,75,4,1,0,3,70,3,10,132,9,.355,.500
37,オスナ,ヤクルト,.258,120,495,469,42,121,24,2,13,188,60,3,0,0,2,22,2,2,80,18,.293,.401
38,藤岡　裕大,ロッテ,.255,137,493,432,41,110,21,3,3,146,37,10,3,18,1,40,2,2,95,7,.320,.338
39,糸原　健斗,阪神,.286,125,488,441,34,126,17,3,2,155,30,6,5,1,3,41,0,2,61,9,.347,.351
40,坂本　勇人,巨人,.271,117,487,424,53,115,26,0,19,198,46,2,3,2,2,58,4,1,90,4,.359,.467
41,坂倉　将吾,広島,.315,132,484,422,58,133,24,2,12,197,68,4,3,2,5,51,1,4,60,9,.390,.467
42,小園　海斗,広島,.298,113,481,449,65,134,18,6,5,179,35,4,4,12,4,13,1,3,57,7,.320,.399
43,甲斐　拓也,ソフトバンク,.227,143,479,405,42,92,15,0,12,143,44,6,6,26,2,44,0,2,142,7,.305,.353
44,呉　念庭,西武,.238,130,478,425,43,101,17,0,10,148,48,3,2,4,3,43,1,3,70,3,.310,.348
45,松原　聖弥,巨人,.274,135,477,431,69,118,20,4,12,182,37,15,7,3,3,38,0,2,100,4,.333,.422
46,中村　剛也,西武,.284,123,475,430,50,122,13,0,18,189,74,0,0,0,4,39,3,2,114,12,.343,.440
47,紅林　弘太郎,オリックス,.228,136,473,448,37,102,22,2,10,158,48,2,1,6,4,12,0,3,101,11,.251,.353
48,福田　周平,オリックス,.275,107,471,408,47,112,14,1,1,131,21,9,1,10,2,43,0,8,52,6,.354,.321
49,茂木　栄五郎,楽天,.259,120,466,410,50,106,19,4,14,175,53,6,5,0,2,48,0,6,107,6,.343,.427
50,サンズ,阪神,.248,120,461,408,47,101,21,1,20,184,65,1,1,0,3,49,5,1,89,11,.328,.451
51,梅野　隆太郎,阪神,.225,130,458,404,33,91,15,3,3,121,33,8,4,6,2,41,3,5,107,14,.303,.300
51,淺間　大基,日本ハム,.251,128,458,411,42,103,17,2,5,139,31,8,4,7,4,31,2,5,115,5,.308,.338
53,丸　佳浩,巨人,.265,118,457,392,58,104,21,0,23,194,55,5,3,0,2,63,0,0,120,5,.365,.495
54,佐藤　輝明,阪神,.238,126,455,425,56,101,25,0,24,198,64,6,2,0,2,25,4,3,173,2,.284,.466
54,小深田　大翔,楽天,.248,121,455,391,60,97,10,3,3,122,21,5,5,16,1,44,0,3,65,1,.328,.312
54,吉田　正尚,オリックス,.339,110,455,389,61,132,22,1,21,219,72,0,0,0,3,58,6,5,26,9,.429,.563
57,ソト,DeNA,.234,123,451,410,42,96,18,1,21,179,62,0,1,0,1,35,4,5,116,12,.302,.437
58,京田　陽太,中日,.257,113,448,409,41,105,7,4,3,129,24,6,5,8,3,21,0,7,75,5,.302,.315
59,栗山　巧,西武,.251,117,446,387,33,97,15,0,4,124,43,1,0,0,7,49,1,3,58,11,.334,.320
60,中村　悠平,ヤクルト,.279,123,445,377,47,105,24,0,2,135,36,0,3,14,4,46,0,4,66,10,.360,.358
61,辰己　涼介,楽天,.225,130,443,374,49,84,13,1,10,129,32,6,6,11,1,51,0,6,99,7,.326,.345
62,オースティン,DeNA,.303,107,439,373,60,113,25,1,28,224,74,1,0,0,1,60,2,5,111,9,.405,.601
63,ウィーラー,巨人,.289,121,427,384,44,111,28,0,15,184,56,3,1,0,1,34,3,8,78,16,.358,.479
64,サンタナ,ヤクルト,.290,116,418,372,39,108,23,1,19,190,62,2,0,0,1,42,2,3,103,12,.366,.511
65,山川　穂高,西武,.232,110,414,358,42,83,13,0,24,168,66,0,0,0,6,43,0,7,101,7,.321,.469
66,今宮　健太,ソフトバンク,.214,125,413,365,27,78,15,2,4,109,30,4,1,23,2,22,0,1,70,5,.259,.299
67,Ｔ－岡田,オリックス,.241,115,407,357,45,86,16,1,17,155,63,2,3,0,5,35,4,10,86,2,.322,.434
68,髙濱　祐仁,日本ハム,.262,107,404,367,34,96,21,1,8,143,43,2,0,11,2,23,1,1,82,10,.305,.390
69,安田　尚憲,ロッテ,.242,115,399,351,27,85,16,1,8,127,55,0,0,0,4,43,0,1,82,5,.323,.362
70,野村　佑希,日本ハム,.267,99,394,371,30,99,12,1,7,134,37,0,1,1,2,16,0,4,90,7,.303,.361
71,木下　拓哉,中日,.270,123,393,352,33,95,17,0,11,145,43,1,1,3,2,35,4,1,58,11,.336,.412
72,松田　宣浩,ソフトバンク,.234,115,390,354,30,83,13,3,14,144,47,5,0,3,4,27,1,2,67,10,.289,.407
73,大城　卓三,巨人,.231,125,386,347,36,80,12,0,11,125,37,0,0,3,1,33,4,2,80,11,.300,.360
74,安達　了一,オリックス,.259,100,382,321,36,83,14,0,0,97,18,5,4,14,1,46,0,0,65,7,.351,.302
75,林　晃汰,広島,.266,102,376,357,26,95,15,0,10,140,40,0,1,0,1,16,3,2,93,9,.301,.392
76,モヤ,オリックス,.229,106,375,354,26,81,10,1,13,132,47,1,0,0,4,17,3,0,81,11,.261,.373
77,三森　大貴,ソフトバンク,.249,86,345,329,34,82,9,6,0,103,20,16,5,3,2,11,0,0,77,3,.272,.313
78,岸　潤一郎,西武,.220,100,338,304,29,67,9,1,9,105,30,2,1,15,1,13,0,5,49,10,.263,.345
79,吉川　尚輝,巨人,.272,108,329,305,35,83,13,1,5,113,25,7,0,3,2,17,2,2,48,4,.313,.370
80,角中　勝也,ロッテ,.244,107,326,275,33,67,19,1,0,88,29,1,0,2,5,40,3,4,51,4,.343,.320
81,渡邉　諒,日本ハム,.242,83,325,281,21,68,13,0,3,90,29,5,1,4,3,30,1,7,72,12,.327,.320
82,石井　一成,日本ハム,.225,111,321,284,25,64,11,4,4,95,19,8,5,14,1,22,0,0,87,2,.280,.335
83,愛斗,西武,.219,97,316,292,24,64,18,2,8,110,39,1,2,3,2,13,2,6,60,5,.265,.377
84,デスパイネ,ソフトバンク,.264,80,308,261,27,69,13,1,10,114,41,0,1,0,1,44,2,2,64,12,.373,.437
85,福田　永将,中日,.244,110,305,279,21,68,21,2,8,117,28,1,2,0,1,22,0,3,49,6,.305,.419
86,外崎　修汰,西武,.220,73,300,254,30,56,14,0,5,85,19,9,5,6,3,35,0,2,54,1,.316,.335
87,大和,DeNA,.252,106,294,270,18,68,13,0,2,87,26,1,2,4,1,19,3,0,44,7,.300,.322
88,牧原　大成,ソフトバンク,.278,98,292,273,41,76,7,2,4,99,21,14,1,7,1,9,0,2,42,5,.305,.363
89,王　柏融,日本ハム,.242,95,283,252,22,61,20,0,9,108,48,1,0,0,1,25,0,5,70,4,.322,.429
90,太田　光,楽天,.188,107,281,240,25,45,4,0,4,61,23,1,1,16,1,17,0,7,64,2,.260,.254
91,西浦　直亨,ヤクルト,.223,92,276,242,27,54,9,0,5,78,24,1,1,4,3,24,3,3,60,8,.298,.322
92,野間　峻祥,広島,.272,74,270,250,27,68,7,2,2,85,12,9,1,1,0,17,0,2,29,3,.323,.340
93,柴田　竜拓,DeNA,.234,85,266,222,21,52,15,0,2,73,15,1,1,14,3,26,1,1,39,1,.313,.329
94,伏見　寅威,オリックス,.218,91,262,238,21,52,11,1,4,77,25,0,1,5,2,14,0,3,39,5,.268,.324
95,清水　優心,日本ハム,.206,100,256,214,19,44,6,0,4,62,18,0,0,11,3,28,0,0,60,3,.294,.290
96,藤原　恭大,ロッテ,.217,78,254,217,27,47,12,1,5,76,22,7,2,5,4,23,0,5,55,3,.301,.350
97,梶谷　隆幸,巨人,.282,61,246,227,31,64,10,1,4,88,23,11,8,0,1,15,0,3,40,2,.333,.388
98,山崎　晃大朗,ヤクルト,.247,114,245,215,41,53,10,3,1,72,12,8,2,10,0,19,0,1,53,0,.311,.335
99,若林　晃弘,巨人,.239,96,242,213,25,51,11,0,5,77,16,1,3,3,2,22,0,2,46,1,.314,.362
100,阿部　寿樹,中日,.209,66,240,215,18,45,10,0,5,70,16,0,1,4,2,19,0,0,36,8,.271,.326
101,元山　飛優,ヤクルト,.255,97,235,208,20,53,1,3,3,69,17,2,1,5,1,17,3,4,42,7,.322,.332
102,堂上　直倫,中日,.219,75,234,219,15,48,10,0,5,73,25,1,0,4,2,9,0,0,42,12,.248,.333
103,山口　航輝,ロッテ,.207,78,228,203,20,42,3,1,9,74,20,0,1,0,0,25,0,0,53,5,.294,.365
104,金子　侑司,西武,.192,101,220,198,24,38,7,1,0,47,9,9,9,6,2,12,0,2,39,7,.243,.237
105,福留　孝介,中日,.218,91,216,193,17,42,12,0,4,66,18,0,0,0,0,23,1,0,56,5,.301,.342
105,エチェバリア,ロッテ,.203,79,216,207,16,42,11,0,4,65,24,0,1,0,3,6,0,0,40,6,.222,.314
107,スパンジェンバーグ,西武,.232,61,212,181,30,42,7,3,7,76,27,3,3,0,1,27,0,3,64,5,.340,.420
108,亀井　善行,巨人,.215,92,206,186,15,40,12,1,3,63,17,1,1,2,3,13,1,2,47,3,.270,.339
108,大田　泰示,日本ハム,.204,76,206,191,11,39,5,2,3,57,20,1,1,0,1,14,3,0,50,10,.257,.298
108,ロハス・ジュニア,阪神,.217,60,206,189,18,41,7,0,8,72,21,1,3,0,0,15,0,2,58,3,.282,.381
111,會澤　翼,広島,.256,70,204,180,18,46,10,0,3,65,22,0,0,1,3,16,2,4,33,8,.325,.361
112,中島　宏之,巨人,.271,81,195,181,11,49,10,0,6,77,26,0,0,1,1,9,1,3,35,9,.314,.425
113,松山　竜平,広島,.263,85,194,175,9,46,10,0,2,62,29,0,0,0,2,17,0,0,22,4,.325,.354
113,山﨑　剛,楽天,.256,56,194,168,29,43,6,3,4,67,24,4,2,7,1,15,1,3,41,5,.326,.399
115,伊藤　光,DeNA,.213,53,192,160,14,34,6,0,2,46,13,1,1,12,1,17,0,2,43,3,.294,.288
116,根尾　昂,中日,.178,72,188,169,12,30,4,1,1,39,16,0,3,1,1,15,0,2,53,2,.251,.231
116,周東　佑京,ソフトバンク,.201,70,188,169,24,34,1,0,3,44,5,21,5,6,0,12,0,1,49,1,.258,.260
118,岡　大海,ロッテ,.242,110,185,161,31,39,6,0,6,63,18,11,1,5,0,14,1,5,44,6,.322,.391
119,ジョーンズ,オリックス,.234,72,180,154,10,36,4,0,4,52,23,0,0,0,1,22,1,3,35,7,.339,.338
120,川越　誠司,西武,.225,63,174,160,12,36,3,1,5,56,11,1,0,1,0,12,0,1,44,2,.283,.350
121,山田　遥楓,西武,.197,98,173,147,14,29,6,1,0,37,18,1,2,10,3,13,0,0,41,1,.258,.252
122,安部　友裕,広島,.252,85,170,151,8,38,5,0,1,46,12,2,1,1,2,15,2,1,47,2,.320,.305
123,中川　圭太,オリックス,.212,61,169,156,19,33,3,1,1,41,7,1,0,3,0,8,0,2,23,4,.259,.263
124,田村　龍弘,ロッテ,.235,70,165,136,14,32,7,1,0,41,14,1,0,10,2,17,0,0,33,1,.316,.301
125,若林　楽人,西武,.278,44,161,144,14,40,8,1,2,56,10,20,8,2,1,10,0,4,41,3,.340,.389
126,田中　広輔,広島,.206,81,160,136,12,28,4,0,2,38,8,1,3,4,0,18,0,2,23,0,.308,.279
127,太田　椋,オリックス,.172,53,159,151,10,26,2,0,3,37,9,1,0,4,0,4,0,0,44,3,.194,.245
128,宇草　孔基,広島,.291,43,158,148,18,43,7,1,4,64,14,6,5,1,0,6,0,3,42,1,.331,.432
129,佐藤　都志也,ロッテ,.205,62,155,132,16,27,4,1,6,51,18,3,0,7,1,14,1,1,30,0,.284,.386
130,中田　翔,日本ハム,.193,39,150,135,13,26,3,0,4,41,13,0,0,0,0,14,0,1,31,4,.273,.304
130,グラシアル,ソフトバンク,.304,37,150,138,19,42,6,0,5,63,15,2,0,0,0,11,0,1,27,4,.360,.457
132,堂林　翔太,広島,.190,70,143,137,12,26,6,0,0,32,5,2,1,2,0,3,0,1,34,4,.213,.234
133,長野　久義,広島,.216,71,140,125,6,27,3,0,2,36,13,1,0,0,0,14,0,1,30,2,.300,.288
133,若月　健矢,オリックス,.214,68,140,117,11,25,4,0,5,44,16,1,0,9,1,11,0,2,27,2,.290,.376
135,関根　大気,DeNA,.226,103,139,124,17,28,6,0,1,37,4,2,0,5,0,9,0,1,27,2,.284,.298
136,三ツ俣　大樹,中日,.222,58,138,117,8,26,5,1,1,36,11,0,0,13,0,7,0,1,27,0,.272,.308
137,クロン,広島,.231,42,137,130,10,30,8,0,6,56,16,0,0,0,0,6,0,1,47,2,.270,.431
138,戸柱　恭孝,DeNA,.220,56,135,127,10,28,5,1,3,44,14,0,0,2,0,4,0,1,18,3,.250,.346
139,渡辺　勝,中日,.210,48,134,119,13,25,2,0,2,33,11,3,3,6,0,9,0,0,25,1,.266,.277
140,万波　中正,日本ハム,.198,49,133,126,12,25,9,1,5,51,13,0,1,0,1,4,0,2,53,3,.233,.405
141,木浪　聖也,阪神,.227,92,132,119,9,27,8,0,1,38,15,0,0,2,3,7,0,1,20,1,.269,.319
142,加藤　翔平,中日,.209,55,128,110,13,23,2,0,1,28,2,8,1,7,0,11,0,0,19,2,.281,.255
143,楠本　泰史,DeNA,.254,76,127,114,9,29,7,0,2,42,18,1,4,0,1,10,1,2,23,1,.323,.368
144,石原　貴規,広島,.239,60,125,113,8,27,1,0,4,40,12,1,0,2,1,9,1,0,24,7,.293,.354
144,古賀　優大,ヤクルト,.224,54,125,116,12,26,2,0,0,28,7,0,0,4,0,4,1,1,16,1,.256,.241
144,Ｒ．ロドリゲス,日本ハム,.197,50,125,122,11,24,8,1,6,52,12,1,0,0,0,3,0,0,38,2,.216,.426
144,頓宮　裕真,オリックス,.232,46,125,112,11,26,4,0,5,45,14,0,0,1,1,8,0,3,41,0,.298,.402
144,スモーク,巨人,.272,34,125,114,11,31,3,0,7,55,14,0,0,0,0,10,1,1,37,2,.336,.482
149,真砂　勇介,ソフトバンク,.254,79,124,114,18,29,4,1,1,38,8,1,3,2,1,6,0,1,41,0,.295,.333
149,炭谷　銀仁朗,楽天,.219,51,124,105,11,23,3,0,3,35,8,0,1,10,1,7,0,1,24,3,.272,.333
151,髙松　渡,中日,.250,78,123,112,18,28,1,0,0,29,4,15,9,6,1,3,0,1,35,0,.274,.259
151,石川　亮,日本ハム,.185,60,123,108,6,20,2,0,0,22,7,0,1,11,0,4,0,0,21,3,.214,.204
151,加藤　匠馬,ロッテ,.095,57,123,105,6,10,2,0,2,18,4,0,1,14,0,4,0,0,52,1,.128,.171
151,川島　慶三,ソフトバンク,.239,56,123,109,12,26,6,1,2,40,11,0,0,2,1,11,1,0,31,0,.306,.367
151,ディクソン,楽天,.167,38,123,108,6,18,3,1,4,35,15,2,1,0,0,12,0,3,42,3,.268,.324
156,長谷川　勇也,ソフトバンク,.260,71,120,100,10,26,6,1,3,43,19,0,0,0,2,17,4,1,18,2,.367,.430
157,糸井　嘉男,阪神,.208,77,119,106,8,22,5,0,3,36,18,1,0,0,3,9,0,1,37,4,.269,.340
158,神里　和毅,DeNA,.191,88,118,110,13,21,3,0,4,36,15,4,3,1,1,6,1,0,49,1,.231,.327
159,廣岡　大志,巨人,.189,78,117,106,11,20,2,2,5,41,15,2,1,0,1,7,0,3,25,2,.256,.387
159,中島　卓也,日本ハム,.186,67,117,97,11,18,0,0,0,18,1,7,2,8,0,12,0,0,29,0,.275,.186
159,佐藤　龍世,日本ハム,.219,40,117,105,8,23,2,0,0,25,6,1,0,1,1,10,0,0,35,1,.284,.238
159,羽月　隆太郎,広島,.255,39,117,102,16,26,3,2,1,36,11,6,1,7,0,8,0,0,26,0,.309,.353
163,リチャード,ソフトバンク,.181,34,116,105,11,19,4,0,7,44,20,0,0,0,3,6,0,2,38,1,.233,.419
164,渡邊　佳明,楽天,.273,45,113,99,12,27,2,0,1,32,7,0,1,2,0,11,0,1,19,3,.351,.323
164,森　敬斗,DeNA,.194,44,113,103,15,20,4,2,0,28,5,4,2,1,2,7,0,0,30,1,.241,.272
166,山本　祐大,DeNA,.131,51,111,99,4,13,2,0,1,18,4,0,0,7,0,4,0,1,27,0,.173,.182
167,オコエ　瑠偉,楽天,.223,42,110,94,7,21,1,0,0,22,6,3,0,7,0,8,0,1,21,1,.291,.234
168,中田　翔,巨人,.154,34,106,91,6,14,4,0,3,27,7,0,0,0,0,14,0,1,29,3,.274,.297
169,銀次,楽天,.286,35,105,91,5,26,1,0,0,27,3,0,0,0,0,14,1,0,11,2,.381,.297
170,松本　剛,日本ハム,.261,47,104,92,13,24,2,0,0,26,2,1,2,2,0,8,0,2,13,2,.333,.283
171,北村　拓己,巨人,.250,53,103,92,13,23,3,0,4,38,11,1,0,2,0,8,1,1,28,4,.317,.413
172,明石　健志,ソフトバンク,.202,57,95,84,5,17,2,0,0,19,7,1,1,0,1,9,0,1,18,1,.284,.226
173,Ａ．マルティネス,中日,.244,48,94,82,7,20,0,0,2,26,7,0,1,0,0,10,2,2,30,1,.340,.317
174,川端　慎吾,ヤクルト,.372,91,93,86,8,32,5,1,1,42,18,0,0,0,0,7,1,0,16,2,.419,.488
174,杉谷　拳士,日本ハム,.117,54,93,77,10,9,2,1,2,19,9,2,2,2,0,10,0,4,27,2,.253,.247
176,宮本　丈,ヤクルト,.286,62,92,70,9,20,4,0,1,27,8,0,1,6,2,12,0,2,10,0,.395,.386
177,小郷　裕哉,楽天,.182,38,88,77,6,14,3,1,2,25,6,1,1,3,0,6,0,2,23,0,.259,.325
178,佐野　皓大,オリックス,.146,67,87,82,15,12,2,1,1,19,2,8,2,3,0,1,0,1,26,0,.167,.232
179,重信　慎之介,巨人,.218,73,86,78,11,17,2,0,2,25,6,6,2,1,0,7,0,0,26,0,.282,.321
180,平沼　翔太,日本ハム,.194,32,85,72,4,14,3,1,0,19,3,0,0,4,0,8,0,1,18,0,.284,.264
181,ブランドン,西武,.247,32,84,81,9,20,7,0,3,36,8,0,0,1,1,0,0,1,21,3,.253,.444
181,五十幡　亮汰,日本ハム,.225,27,84,80,13,18,3,1,1,26,5,9,1,2,0,2,0,0,19,0,.244,.325
183,嶺井　博希,DeNA,.189,36,80,74,1,14,4,0,0,18,7,0,0,0,0,4,0,2,24,1,.250,.243
183,黒川　史陽,楽天,.187,34,80,75,4,14,2,0,1,19,8,0,0,1,0,3,0,1,17,1,.228,.253
183,ロメロ,オリックス,.169,20,80,77,10,13,2,1,3,26,9,0,0,0,0,2,0,1,31,1,.200,.338
186,小林　誠司,巨人,.093,64,79,75,2,7,2,0,1,12,3,1,0,2,0,1,0,1,24,2,.117,.160
186,太田　賢吾,ヤクルト,.222,29,79,72,4,16,5,0,0,21,5,3,2,1,1,5,0,0,18,3,.269,.292
188,島田　海吏,阪神,.243,57,78,70,7,17,3,0,0,20,9,8,1,3,0,5,0,0,13,0,.293,.286
189,郡　拓也,日本ハム,.188,33,77,69,4,13,3,0,0,16,4,1,1,1,0,6,0,1,23,1,.263,.232
190,カスティーヨ,楽天,.225,33,76,71,4,16,1,0,1,20,3,0,1,0,0,4,1,1,17,1,.276,.282
190,来田　涼斗,オリックス,.211,23,76,71,5,15,3,0,2,24,8,1,2,0,1,3,2,1,30,1,.250,.338
192,桂　依央利,中日,.254,36,75,71,6,18,4,2,1,29,7,0,0,2,0,1,0,1,24,2,.274,.408
192,菅野　剛士,ロッテ,.194,33,75,67,8,13,4,0,2,23,5,1,0,2,0,5,0,1,20,4,.260,.343
194,倉本　寿彦,DeNA,.208,46,74,72,5,15,0,0,0,15,6,0,0,0,0,2,0,0,17,2,.230,.208
195,坂本　誠志郎,阪神,.185,45,73,65,4,12,2,1,1,19,6,0,0,2,1,5,0,0,21,0,.239,.292
195,小野寺　暖,阪神,.179,34,73,67,7,12,2,0,1,17,2,0,0,0,0,5,0,1,19,2,.247,.254
197,上林　誠知,ソフトバンク,.191,39,72,68,7,13,1,1,2,22,11,2,2,0,1,3,0,0,18,2,.222,.324
197,柘植　世那,西武,.215,35,72,65,6,14,2,0,1,19,8,0,0,2,2,3,0,0,19,4,.243,.292
199,大城　滉二,オリックス,.180,49,71,61,4,11,3,0,0,14,5,1,0,5,0,3,0,2,14,2,.242,.230
200,髙部　瑛斗,ロッテ,.145,33,69,55,6,8,1,0,1,12,6,4,0,7,0,7,0,0,19,1,.242,.218
201,上本　崇司,広島,.273,63,68,55,20,15,2,0,0,17,2,2,2,0,2,5,0,6,10,0,.382,.309
201,井領　雅貴,中日,.219,38,68,64,6,14,3,1,1,22,2,0,0,0,0,4,0,0,19,2,.265,.344
201,横尾　俊建,楽天,.180,30,68,61,1,11,2,0,0,13,3,0,0,1,0,0,0,6,8,2,.254,.213
204,荒木　貴裕,ヤクルト,.200,100,67,55,10,11,0,0,0,11,5,2,1,6,1,4,0,1,9,0,.262,.200
204,田中　和基,楽天,.136,61,67,59,5,8,0,0,0,8,3,0,0,0,0,7,0,1,16,0,.239,.136
204,香月　一也,巨人,.203,39,67,59,9,12,3,0,3,24,6,0,0,2,0,4,0,2,12,2,.277,.407
207,柿沼　友哉,ロッテ,.143,43,65,49,3,7,1,0,1,11,4,0,1,10,0,6,0,0,12,4,.236,.224
208,岡林　勇希,中日,.254,24,62,59,6,15,4,0,0,19,4,2,0,1,1,1,0,0,13,1,.262,.322
208,平田　良介,中日,.155,21,62,58,3,9,2,2,0,15,4,1,0,0,0,3,0,1,13,1,.210,.259
210,中村　奨成,広島,.283,39,61,53,15,15,3,0,2,24,5,3,1,0,0,8,0,0,15,0,.377,.453
210,鳥谷　敬,ロッテ,.170,32,61,53,7,9,3,0,0,12,2,0,0,0,0,8,1,0,11,0,.279,.226
212,田中　俊太,DeNA,.146,58,60,48,10,7,0,0,0,7,8,0,1,3,2,7,0,0,16,0,.246,.146
212,内田　靖人,楽天,.204,25,60,54,2,11,2,0,1,16,11,0,0,1,3,1,0,1,19,1,.220,.296
212,バレンティン,ソフトバンク,.182,22,60,55,7,10,3,0,4,25,9,0,0,0,0,5,0,0,19,2,.250,.455
215,原口　文仁,阪神,.204,56,58,49,3,10,2,1,0,14,3,0,0,0,0,5,0,4,12,0,.328,.286
216,谷川原　健太,ソフトバンク,.146,59,57,48,8,7,1,0,1,11,5,1,1,2,0,7,0,0,21,0,.255,.229
216,北條　史也,阪神,.200,33,57,50,6,10,2,0,1,15,6,0,0,2,0,4,0,1,11,1,.273,.300
216,宇佐見　真吾,日本ハム,.116,32,57,43,2,5,0,0,1,8,2,0,0,5,0,8,0,1,16,2,.269,.186
216,坂口　智隆,ヤクルト,.160,25,57,50,7,8,1,0,0,9,0,0,3,1,0,4,0,2,12,0,.250,.180
220,内川　聖一,ヤクルト,.208,38,56,53,3,11,1,0,0,12,2,0,0,0,0,2,1,1,12,3,.250,.226
220,木村　文紀,西武,.180,20,56,50,4,9,2,0,0,11,3,0,0,2,1,3,0,0,18,0,.222,.220
222,岡田　雅利,西武,.119,34,55,42,3,5,1,0,1,9,2,0,0,7,0,4,0,2,5,0,.229,.214
223,炭谷　銀仁朗,巨人,.188,44,54,48,4,9,0,0,1,12,7,0,0,1,1,4,1,0,17,0,.245,.250
223,樋口　龍之介,日本ハム,.212,22,54,52,1,11,3,0,0,14,3,0,0,0,0,0,0,2,19,3,.241,.269
223,柳町　達,ソフトバンク,.229,20,54,48,7,11,3,0,1,17,2,0,0,1,0,5,0,0,12,1,.302,.354
226,井上　晴哉,ロッテ,.196,23,53,51,1,10,1,0,1,14,6,0,0,0,0,1,0,1,8,4,.226,.275
227,山下　幸輝,DeNA,.200,46,52,50,3,10,1,0,0,11,4,0,0,0,0,2,0,0,7,0,.231,.220
227,陽川　尚将,阪神,.174,41,52,46,2,8,1,0,2,15,6,0,0,1,0,3,1,2,19,2,.255,.326
227,吉田　大成,ヤクルト,.225,18,52,40,8,9,1,0,1,13,2,2,1,1,0,11,0,0,10,1,.392,.325
230,山本　泰寛,阪神,.186,69,51,43,8,8,3,0,0,11,3,2,0,0,1,6,0,1,10,0,.294,.256
231,村林　一輝,楽天,.150,79,47,40,3,6,1,0,1,10,4,4,2,5,0,2,0,0,8,2,.190,.250
231,立岡　宗一郎,巨人,.205,47,47,44,2,9,0,0,0,9,1,0,0,0,0,3,0,0,7,0,.255,.205
231,溝脇　隼人,中日,.268,22,47,41,2,11,0,1,0,13,2,1,0,3,0,3,1,0,10,0,.318,.317
234,ガーバー,中日,.156,12,46,45,3,7,1,0,0,8,1,0,0,0,0,1,0,0,18,0,.174,.178
235,西村　凌,オリックス,.214,13,45,42,0,9,2,0,0,11,2,0,0,0,0,3,0,0,6,1,.267,.262
236,谷内　亮太,日本ハム,.179,106,44,39,3,7,0,0,0,7,2,0,0,1,1,3,0,0,5,1,.233,.179
236,細川　成也,DeNA,.154,37,44,39,3,6,1,0,0,7,1,0,0,0,0,3,0,2,13,0,.250,.179
236,加藤　翔平,ロッテ,.220,20,44,41,3,9,2,1,1,16,2,0,1,2,0,1,0,0,8,0,.238,.390
239,田中　貴也,楽天,.263,31,43,38,2,10,2,0,2,18,3,0,0,2,0,3,0,0,9,0,.317,.474
240,渡邉　大樹,ヤクルト,.171,94,42,35,19,6,2,0,0,8,3,5,2,5,0,1,0,1,9,1,.216,.229
240,鈴木　将平,西武,.158,27,42,38,6,6,1,0,0,7,0,0,0,2,0,2,0,0,8,0,.200,.184
240,西野　真弘,オリックス,.146,18,42,41,3,6,0,0,0,6,1,0,0,0,0,1,0,0,6,0,.167,.146
243,武田　健吾,中日,.132,93,41,38,8,5,2,0,1,10,1,0,0,2,0,1,0,0,17,1,.154,.263
243,大盛　穂,広島,.270,56,41,37,9,10,1,1,0,13,3,5,1,2,0,1,0,1,19,2,.308,.351
243,松本　友,ヤクルト,.353,27,41,34,8,12,4,0,0,16,2,1,0,0,0,7,1,0,8,0,.463,.471
243,石川　慎吾,巨人,.189,26,41,37,3,7,2,0,0,9,0,0,1,0,0,4,0,0,8,1,.268,.243
247,知野　直人,DeNA,.176,36,40,34,4,6,1,1,1,12,3,0,1,2,0,3,0,1,12,1,.263,.353
247,メヒア,広島,.216,18,40,37,2,8,0,0,0,8,0,0,0,0,0,2,0,1,11,0,.275,.216
247,アルバレス,ソフトバンク,.162,12,40,37,1,6,1,0,1,10,3,0,0,0,0,3,0,0,7,1,.225,.270
250,山足　達也,オリックス,.273,53,39,33,8,9,0,0,0,9,1,0,0,2,0,4,0,0,5,0,.351,.273
250,山野辺　翔,西武,.194,25,39,36,5,7,1,1,0,10,2,4,1,1,1,0,0,1,11,0,.211,.278
250,磯村　嘉孝,広島,.171,21,39,35,0,6,2,0,0,8,3,0,0,0,1,2,0,1,9,0,.231,.229
253,木村　文紀,日本ハム,.103,23,36,29,2,3,1,0,1,7,4,0,0,0,2,5,0,0,13,1,.222,.241
254,滝野　要,中日,.103,38,30,29,6,3,0,1,0,5,0,3,0,0,0,1,0,0,4,0,.133,.172
254,川瀬　晃,ソフトバンク,.185,21,30,27,2,5,0,0,0,5,0,1,0,1,0,2,0,0,9,0,.241,.185
254,今川　優馬,日本ハム,.071,13,30,28,1,2,0,0,1,5,2,0,0,0,0,1,0,1,9,0,.133,.179
257,宜保　翔,オリックス,.160,33,28,25,4,4,2,0,0,6,1,0,0,1,0,1,0,1,7,1,.222,.240
257,ハイネマン,巨人,.160,10,28,25,2,4,1,0,0,5,2,0,0,0,0,1,0,2,6,1,.250,.200
259,下妻　貴寛,楽天,.174,16,27,23,2,4,0,0,0,4,2,0,0,0,0,4,0,0,5,0,.296,.174
259,大下　誠一郎,オリックス,.160,15,27,25,1,4,0,0,1,7,2,0,0,0,0,1,0,1,7,0,.222,.280
259,正隨　優弥,広島,.115,14,27,26,1,3,0,0,1,6,4,0,0,0,0,1,0,0,10,2,.148,.231
259,西川　愛也,西武,.000,12,27,20,1,0,0,0,0,0,2,0,0,1,2,4,0,0,8,1,.154,.000
263,細川　凌平,日本ハム,.200,9,26,25,2,5,0,0,0,5,0,0,1,0,0,1,0,0,12,0,.231,.200
264,増田　大輝,巨人,.136,56,25,22,13,3,1,0,1,7,2,8,4,1,0,2,0,0,6,0,.208,.318
264,小幡　竜平,阪神,.261,43,25,23,5,6,1,1,0,9,0,3,1,0,0,2,0,0,7,0,.320,.391
266,和田　康士朗,ロッテ,.263,96,24,19,25,5,1,0,0,6,1,24,5,0,0,5,0,0,8,0,.417,.316
266,岸田　行倫,巨人,.182,27,24,22,1,4,0,1,0,6,2,0,0,0,0,2,0,0,8,0,.250,.273
268,メヒア,西武,.143,16,22,21,1,3,2,0,1,8,3,0,0,0,0,1,1,0,12,0,.182,.381
269,蝦名　達夫,DeNA,.167,31,21,18,1,3,0,0,0,3,1,0,0,0,0,3,0,0,7,2,.286,.167
269,伊藤　康祐,中日,.053,25,21,19,4,1,1,0,0,2,0,0,0,2,0,0,0,0,9,0,.053,.105
269,奥村　展征,ヤクルト,.050,16,21,20,0,1,0,0,0,1,0,0,0,0,0,1,0,0,5,1,.095,.050
272,乙坂　智,DeNA,.211,17,20,19,5,4,1,0,0,5,0,0,0,0,0,1,0,0,6,0,.250,.263
272,鶴岡　慎也,日本ハム,.263,13,20,19,3,5,1,0,0,6,0,0,0,0,0,1,0,0,3,1,.300,.316
272,足立　祐一,楽天,.059,10,20,17,0,1,1,0,0,2,1,0,0,2,0,1,0,0,2,0,.111,.118
275,武藤　敦貴,楽天,.105,44,19,19,4,2,0,1,0,4,0,4,0,0,0,0,0,0,8,0,.105,.211
275,西田　明央,ヤクルト,.111,11,19,18,1,2,0,0,0,2,0,0,0,0,0,1,0,0,4,0,.158,.111
275,小窪　哲也,ロッテ,.056,7,19,18,1,1,0,0,1,4,2,0,0,0,1,0,0,0,5,0,.053,.222
275,野村　大樹,ソフトバンク,.176,7,19,17,1,3,1,0,0,4,3,0,0,0,0,2,0,0,5,0,.263,.235
279,小田　裕也,オリックス,.067,101,18,15,18,1,0,0,0,1,0,5,2,1,0,1,0,1,4,0,.176,.067
279,戸川　大輔,西武,.059,8,18,17,0,1,0,0,0,1,1,0,0,0,1,0,0,0,5,0,.056,.059
281,髙田　知季,ソフトバンク,.167,61,17,12,2,2,0,1,0,4,2,1,0,2,1,2,0,0,4,0,.267,.333
281,後藤　駿太,オリックス,.125,56,17,16,3,2,0,0,1,5,1,2,1,0,0,1,0,0,6,0,.176,.313
281,板山　祐太郎,阪神,.143,43,17,14,5,2,1,1,0,5,1,0,0,1,0,2,0,0,6,0,.250,.357
281,髙谷　裕亮,ソフトバンク,.235,20,17,17,1,4,0,0,0,4,0,0,0,0,0,0,0,0,1,0,.235,.235
281,渡部　健人,西武,.063,6,17,16,1,1,0,0,1,4,2,0,0,0,0,1,0,0,7,0,.118,.250
281,高木　渉,西武,.067,6,17,15,0,1,1,0,0,2,1,0,0,0,0,2,0,0,7,0,.176,.133
287,石橋　康太,中日,.143,11,16,14,0,2,0,0,0,2,0,0,0,1,0,1,0,0,3,1,.200,.143
288,嶋　基宏,ヤクルト,.200,17,15,10,2,2,0,0,0,2,0,0,0,2,0,3,0,0,1,1,.385,.200
288,中井　大介,DeNA,.133,13,15,15,0,2,0,0,0,2,0,0,0,0,0,0,0,0,6,0,.133,.133
288,郡司　裕也,中日,.462,9,15,13,0,6,1,0,0,7,3,0,0,0,0,2,0,0,3,0,.533,.538
288,大野　奨太,中日,.143,8,15,14,1,2,0,0,0,2,0,0,0,0,0,1,0,0,5,1,.200,.143
292,中山　翔太,ヤクルト,.091,9,14,11,0,1,0,0,0,1,1,0,0,0,0,0,0,3,3,0,.286,.091
293,三好　匠,広島,.000,64,13,11,1,0,0,0,0,0,0,0,0,2,0,0,0,0,4,0,.000,.000
293,湯浅　大,巨人,.385,33,13,13,6,5,1,0,0,6,0,1,1,0,0,0,0,0,1,0,.385,.462
293,平沼　翔太,西武,.154,9,13,13,0,2,1,0,0,3,0,0,0,0,0,0,0,0,5,0,.154,.231
293,福田　秀平,ロッテ,.083,4,13,12,1,1,1,0,0,2,2,1,0,0,0,1,0,0,4,0,.154,.167
297,八百板　卓丸,巨人,.167,16,12,12,2,2,0,0,0,2,1,0,0,0,0,0,0,0,4,1,.167,.167
297,佐藤　龍世,西武,.167,11,12,12,1,2,0,0,0,2,0,0,0,0,0,0,0,0,2,0,.167,.167
297,谷口　雄也,日本ハム,.167,8,12,12,0,2,0,0,0,2,0,0,0,0,0,0,0,0,5,0,.167,.167
300,三木　亮,ロッテ,.111,84,11,9,5,1,1,0,0,2,2,1,0,1,0,1,0,0,2,1,.200,.222
300,宮本　秀明,DeNA,.200,35,11,10,5,2,0,0,0,2,0,2,2,0,0,1,0,0,6,0,.273,.200
300,佐藤　直樹,ソフトバンク,.000,25,11,9,6,0,0,0,0,0,0,1,0,0,0,2,0,0,5,0,.182,.000
300,石垣　雅海,中日,.100,9,11,10,1,1,1,0,0,2,0,0,0,1,0,0,0,0,3,0,.100,.200
300,石岡　諒太,中日,.091,6,11,11,0,1,0,0,0,1,0,0,0,0,0,0,0,0,5,1,.091,.091
305,江村　直也,ロッテ,.167,19,10,6,0,1,0,0,0,1,0,1,0,2,0,2,0,0,4,0,.375,.167
305,釜元　豪,ソフトバンク,.500,18,10,10,6,5,1,0,1,9,3,2,1,0,0,0,0,0,0,0,.500,.900
305,吉田　裕太,ロッテ,.111,7,10,9,1,1,0,0,1,4,1,0,0,0,0,1,0,0,3,0,.200,.444
305,下水流　昂,楽天,.100,6,10,10,0,1,0,0,0,1,0,0,0,0,0,0,0,0,4,0,.100,.100
305,山下　斐紹,中日,.100,5,10,10,0,1,0,0,0,1,0,0,0,0,0,0,0,0,5,0,.100,.100
305,長岡　秀樹,ヤクルト,.000,5,10,9,0,0,0,0,0,0,0,0,0,0,0,1,0,0,4,0,.100,.000
311,熊代　聖人,西武,.286,60,9,7,8,2,0,0,0,2,0,1,1,1,0,0,0,1,1,0,.375,.286
311,髙濱　卓也,ロッテ,.125,17,9,8,0,1,0,0,0,1,2,0,0,0,0,1,0,0,2,1,.222,.125
311,佐野　如一,オリックス,.000,10,9,8,0,0,0,0,0,0,0,0,0,1,0,0,0,0,5,0,.000,.000
311,和田　恋,楽天,.250,7,9,8,0,2,0,0,0,2,0,0,0,0,0,1,0,0,4,0,.333,.250
315,岩見　雅紀,楽天,.143,4,8,7,1,1,1,0,0,2,0,0,0,0,0,1,0,0,3,0,.250,.286
316,植田　海,阪神,.333,64,7,6,15,2,0,0,0,2,0,10,1,0,0,1,0,0,2,0,.429,.333
316,松井　雅人,オリックス,.000,10,7,7,0,0,0,0,0,0,0,0,0,0,0,0,0,0,2,0,.000,.000
316,土田　龍空,中日,.400,9,7,5,0,2,1,0,0,3,2,0,0,0,0,2,0,0,2,0,.571,.600
316,陽　岱鋼,巨人,.143,7,7,7,1,1,0,0,0,1,0,0,0,0,0,0,0,0,2,0,.143,.143
316,髙城　俊人,DeNA,.250,7,7,4,0,1,0,0,0,1,0,0,0,1,0,1,0,1,0,0,.500,.250
316,ラベロ,オリックス,.429,2,7,7,1,3,0,0,0,3,0,0,0,0,0,0,0,0,1,1,.429,.429
322,熊谷　敬宥,阪神,.000,73,6,5,13,0,0,0,0,0,0,7,1,1,0,0,0,0,1,0,.000,.000
322,曽根　海成,広島,.000,66,6,5,10,0,0,0,0,0,0,9,4,0,0,1,0,0,3,0,.167,.000
322,並木　秀尊,ヤクルト,.250,27,6,4,4,1,1,0,0,2,2,4,0,1,0,0,0,1,1,0,.400,.500
322,小川　龍成,ロッテ,.000,20,6,6,5,0,0,0,0,0,0,2,0,0,0,0,0,0,2,0,.000,.000
322,矢野　雅哉,広島,.000,13,6,6,2,0,0,0,0,0,0,0,0,0,0,0,0,0,3,0,.000,.000
322,内山　壮真,ヤクルト,.000,6,6,5,0,0,0,0,0,0,0,0,0,0,0,1,0,0,1,1,.167,.000
328,海野　隆司,ソフトバンク,.250,11,5,4,1,1,1,0,0,2,2,0,0,0,1,0,0,0,1,0,.200,.500
328,ウレーニャ,巨人,.000,4,5,5,0,0,0,0,0,0,0,0,0,0,0,0,0,0,3,0,.000,.000
328,益子　京右,DeNA,.200,3,5,5,0,1,0,0,0,1,0,0,0,0,0,0,0,0,1,1,.200,.200
331,武岡　龍世,ヤクルト,.250,1,4,4,1,1,0,0,0,1,0,0,0,0,0,0,0,0,0,0,.250,.250
332,江越　大賀,阪神,.000,31,3,3,4,0,0,0,0,0,0,5,1,0,0,0,0,0,1,0,.000,.000
332,綱島　龍生,西武,.000,7,3,3,1,0,0,0,0,0,0,0,0,0,0,0,0,0,2,0,.000,.000
332,今井　順之助,日本ハム,.000,1,3,2,0,0,0,0,0,0,0,0,0,0,0,1,0,0,0,0,.333,.000
335,宮田　輝星,日本ハム,.000,5,2,2,1,0,0,0,0,0,0,2,1,0,0,0,0,0,0,0,.000,.000
335,上野　響平,日本ハム,.000,4,2,2,0,0,0,0,0,0,0,0,0,0,0,0,0,0,1,0,.000,.000
335,伊藤　裕季也,DeNA,.000,3,2,2,0,0,0,0,0,0,0,0,0,0,0,0,0,0,1,0,.000,.000
335,九鬼　隆平,ソフトバンク,.500,3,2,2,0,1,0,0,0,1,1,0,0,0,0,0,0,0,0,0,.500,.500
335,雄平,ヤクルト,.500,1,2,2,0,1,0,0,0,1,0,0,0,0,0,0,0,0,0,0,.500,.500
335,テームズ,巨人,.000,1,2,2,0,0,0,0,0,0,0,0,0,0,0,0,0,0,2,0,.000,.000
341,宗接　唯人,ロッテ,.000,3,1,1,0,0,0,0,0,0,0,0,0,0,0,0,0,0,1,0,.000,.000
341,田宮　裕涼,日本ハム,.000,3,1,1,0,0,0,0,0,0,0,0,0,0,0,0,0,0,0,0,.000,.000
341,勝俣　翔貴,オリックス,.000,1,1,1,0,0,0,0,0,0,0,0,0,0,0,0,0,0,0,0,.000,.000
341,藤井　淳志,中日,.000,1,1,1,0,0,0,0,0,0,0,0,0,0,0,0,0,0,1,0,.000,.000
341,秋広　優人,巨人,.000,1,1,1,0,0,0,0,0,0,0,0,0,0,0,0,0,0,0,0,.000,.000
346,齊藤　誠人,西武,.000,1,0,0,0,0,0,0,0,0,0,0,0,0,0,0,0,0,0,0,.000,.000
346,平間　隼人,巨人,.000,1,0,0,0,0,0,0,0,0,0,0,0,0,0,0,0,0,0,0,.000,.000
