順位,選手名,チーム,打率,打数,安打,本塁打,打点,出塁率,長打率,OPS,NOI,GPA,IsoP,IsoD,RC,RC27,XR,XR27,BABIP,SecA,TA
1,榮枝　裕貴,阪神,1.000,1,1,0,1,1.000,1.000,2.000,1.333,.700,.000,.000,0.61,∞,0.50,∞,1.000,.000,∞
2,武岡　龍世,ヤクルト,.412,17,7,0,3,.444,.529,.974,.621,.332,.118,.033,3.76,10.17,3.46,9.34,.500,.118,1.000
3,石岡　諒太,中日,.360,25,9,0,1,.407,.360,.767,.527,.273,.000,.047,3.61,5.12,3.40,4.83,.429,.040,.647
4,栗原　陵矢,ソフトバンク,.353,17,6,2,5,.450,.765,1.215,.705,.394,.412,.097,5.35,13.14,5.12,12.57,.286,.588,1.455
4,松本　友,ヤクルト,.353,17,6,0,0,.421,.412,.833,.558,.292,.059,.068,3.08,7.55,2.87,7.04,.500,.176,.818
6,松本　剛,日本ハム,.347,395,137,3,44,.398,.438,.836,.544,.288,.091,.051,68.84,6.41,64.94,6.05,.368,.213,.815
7,吉田　正尚,オリックス,.335,412,138,21,88,.447,.561,1.008,.634,.341,.226,.112,102.56,9.48,98.33,9.09,.328,.430,1.137
8,原口　文仁,阪神,.324,71,23,2,10,.390,.437,.827,.536,.285,.113,.066,12.75,6.62,12.93,6.71,.313,.239,.816
9,村上　宗隆,ヤクルト,.318,487,155,56,134,.458,.710,1.168,.694,.384,.392,.139,147.89,11.54,141.98,11.08,.327,.645,1.376
10,西川　龍馬,広島,.315,390,123,10,53,.366,.456,.822,.518,.279,.141,.050,62.73,6.07,60.10,5.82,.367,.218,.758
11,大島　洋平,中日,.314,436,137,1,20,.376,.367,.743,.498,.261,.053,.062,64.86,5.70,61.23,5.39,.352,.147,.691
12,野間　峻祥,広島,.312,317,99,0,16,.347,.397,.745,.480,.256,.085,.035,42.37,4.93,39.45,4.59,.369,.142,.636
13,荻野　貴司,ロッテ,.310,326,101,5,27,.375,.436,.811,.520,.278,.126,.065,55.85,6.15,54.61,6.02,.319,.255,.813
14,西田　明央,ヤクルト,.308,13,4,0,1,.308,.308,.615,.410,.215,.000,.000,1.20,3.60,1.16,3.48,.444,.000,.444
15,上本　崇司,広島,.307,261,80,2,18,.376,.372,.748,.500,.262,.065,.069,36.80,4.97,34.75,4.69,.328,.149,.668
16,佐野　恵太,DeNA,.306,526,161,22,72,.362,.490,.853,.526,.286,.184,.056,89.12,6.32,85.73,6.08,.310,.268,.805
17,近藤　健介,日本ハム,.302,325,98,8,41,.418,.462,.879,.572,.303,.160,.116,64.29,7.09,61.99,6.83,.326,.366,.905
18,牧原　大成,ソフトバンク,.301,409,123,6,42,.331,.408,.739,.467,.251,.108,.030,56.07,4.93,54.43,4.79,.340,.169,.664
18,上林　誠知,ソフトバンク,.301,93,28,1,12,.337,.409,.745,.473,.254,.108,.036,13.08,5.19,12.35,4.90,.360,.161,.682
20,宮﨑　敏郎,DeNA,.300,434,130,16,50,.365,.470,.835,.522,.282,.171,.066,70.69,5.93,67.87,5.69,.296,.272,.781
20,滝野　要,中日,.300,10,3,0,0,.300,.300,.600,.400,.210,.000,.000,0.69,2.34,0.71,2.40,.429,.000,.375
22,末包　昇大,広島,.299,77,23,2,14,.300,.442,.742,.447,.245,.143,.001,9.65,4.49,9.90,4.61,.368,.156,.625
23,島内　宏明,楽天,.298,541,161,14,77,.373,.453,.826,.524,.281,.155,.076,89.32,5.97,86.24,5.76,.327,.275,.787
24,今宮　健太,ソフトバンク,.296,450,133,7,47,.352,.409,.761,.489,.261,.113,.057,62.19,4.73,59.39,4.52,.321,.193,.666
25,ビシエド,中日,.294,483,142,14,63,.355,.437,.792,.501,.269,.143,.061,70.14,5.20,67.94,5.04,.311,.226,.713
25,陽川　尚将,阪神,.294,68,20,1,6,.351,.426,.778,.494,.265,.132,.057,10.47,5.77,9.86,5.43,.396,.191,.729
25,大野　奨太,中日,.294,17,5,0,0,.400,.294,.694,.498,.254,.000,.106,2.11,4.08,2.13,4.11,.357,.118,.538
28,近本　光司,阪神,.293,525,154,3,34,.352,.352,.704,.469,.246,.059,.059,71.55,4.95,69.21,4.79,.324,.185,.674
29,岡林　勇希,中日,.291,553,161,0,32,.329,.373,.702,.454,.241,.081,.038,72.18,4.59,68.54,4.35,.316,.166,.637
29,牧　秀悟,DeNA,.291,509,148,24,87,.354,.507,.861,.523,.286,.216,.063,87.59,6.16,86.15,6.06,.303,.301,.823
29,上川畑　大悟,日本ハム,.291,261,76,2,17,.360,.356,.716,.479,.251,.065,.069,33.38,4.29,32.62,4.19,.327,.138,.601
32,西野　真弘,オリックス,.289,114,33,0,8,.339,.351,.690,.456,.240,.061,.049,13.33,3.91,12.94,3.80,.306,.132,.576
33,坂倉　将吾,広島,.288,539,155,16,68,.352,.421,.773,.493,.264,.134,.065,78.93,5.29,78.02,5.23,.312,.221,.712
34,坂本　勇人,巨人,.286,304,87,5,33,.378,.382,.759,.505,.265,.095,.092,46.88,5.65,45.68,5.51,.347,.243,.730
34,五十幡　亮汰,日本ハム,.286,14,4,0,1,.375,.286,.661,.470,.240,.000,.089,1.95,4.79,1.95,4.79,.500,.286,.727
34,岩見　政暉,楽天,.286,7,2,0,0,.286,.429,.714,.429,.236,.143,.000,0.84,4.51,0.75,4.05,.500,.143,.600
37,中川　圭太,オリックス,.283,424,120,8,51,.326,.441,.767,.473,.257,.158,.043,63.06,5.24,61.94,5.15,.319,.241,.727
38,若月　健矢,オリックス,.281,171,48,4,14,.326,.392,.718,.457,.245,.111,.045,21.42,4.16,21.14,4.11,.308,.175,.628
39,野村　佑希,日本ハム,.279,348,97,6,36,.313,.411,.724,.450,.244,.132,.035,41.38,4.20,39.71,4.03,.333,.175,.606
39,坂口　智隆,ヤクルト,.279,43,12,0,2,.340,.349,.689,.457,.240,.070,.061,5.40,4.70,5.13,4.47,.400,.140,.613
41,大田　泰示,DeNA,.278,144,40,5,18,.309,.465,.774,.464,.255,.188,.031,19.17,4.66,18.81,4.58,.324,.222,.670
41,川瀬　晃,ソフトバンク,.278,90,25,0,11,.327,.333,.660,.438,.230,.056,.049,9.30,3.18,9.85,3.37,.325,.144,.535
41,堂上　直倫,中日,.278,18,5,0,0,.278,.278,.556,.370,.194,.000,.000,0.96,1.84,0.93,1.79,.357,.000,.357
44,吉川　尚輝,巨人,.277,516,143,7,31,.329,.380,.708,.455,.243,.103,.051,66.23,4.50,64.52,4.39,.291,.182,.635
44,柳町　達,ソフトバンク,.277,321,89,0,32,.357,.346,.703,.473,.247,.069,.080,39.65,4.33,38.30,4.19,.363,.181,.611
44,金子　侑司,西武,.277,119,33,1,4,.323,.370,.693,.446,.238,.092,.046,14.18,4.26,13.80,4.14,.340,.160,.584
44,伊藤　光,DeNA,.277,94,26,0,8,.340,.351,.691,.457,.241,.074,.063,10.80,4.11,9.92,3.77,.366,.160,.592
48,中野　拓夢,阪神,.276,569,157,6,25,.301,.346,.647,.417,.222,.070,.025,59.67,3.60,58.33,3.52,.306,.130,.547
48,塩見　泰隆,ヤクルト,.276,508,140,16,54,.345,.453,.797,.495,.268,.177,.069,82.00,5.75,80.40,5.64,.332,.295,.793
48,Ａ．マルティネス,中日,.276,254,70,8,24,.350,.437,.787,.495,.267,.161,.074,37.63,5.21,37.11,5.14,.321,.252,.731
48,石川　慎吾,巨人,.276,29,8,0,2,.344,.379,.723,.470,.250,.103,.068,3.98,5.11,3.63,4.67,.400,.207,.667
52,柳田　悠岐,ソフトバンク,.275,437,120,24,79,.344,.485,.829,.506,.276,.211,.070,72.53,5.92,72.83,5.94,.308,.307,.798
52,サンタナ,ヤクルト,.275,189,52,15,35,.353,.550,.904,.537,.297,.275,.078,34.88,6.49,35.41,6.59,.359,.397,.895
54,髙部　瑛斗,ロッテ,.274,541,148,3,38,.324,.342,.666,.438,.231,.068,.051,64.86,3.98,63.85,3.92,.315,.198,.629
55,渡邉　陸,ソフトバンク,.273,33,9,3,9,.333,.576,.909,.525,.294,.303,.061,6.27,7.05,6.28,7.07,.400,.394,.917
56,丸　佳浩,巨人,.272,525,143,27,65,.370,.490,.859,.533,.289,.217,.097,94.28,6.40,92.53,6.28,.282,.368,.849
56,オスナ,ヤクルト,.272,496,135,20,74,.312,.440,.751,.458,.250,.167,.040,64.83,4.63,64.61,4.62,.298,.224,.659
56,マクブルーム,広島,.272,448,122,17,74,.352,.442,.794,.500,.269,.170,.080,68.54,5.41,67.80,5.35,.319,.286,.752
59,宗　佑磨,オリックス,.271,469,127,5,43,.341,.356,.697,.460,.242,.085,.070,57.74,4.18,57.84,4.19,.307,.179,.612
59,辰己　涼介,楽天,.271,409,111,11,35,.354,.401,.755,.488,.260,.130,.083,60.41,5.03,59.69,4.97,.324,.249,.723
59,ウォーカー,巨人,.271,406,110,23,52,.306,.515,.821,.478,.266,.244,.035,61.31,5.37,60.15,5.27,.304,.300,.765
59,グラシアル,ソフトバンク,.271,347,94,7,30,.339,.380,.720,.466,.248,.110,.068,43.89,4.46,43.64,4.43,.326,.199,.633
59,太田　賢吾,ヤクルト,.271,118,32,1,8,.323,.356,.679,.441,.234,.085,.052,13.98,4.15,13.50,4.01,.320,.153,.586
64,阿部　寿樹,中日,.270,486,131,9,57,.338,.397,.735,.470,.251,.128,.068,64.83,4.62,64.47,4.59,.320,.233,.670
65,中田　翔,巨人,.269,338,91,24,68,.327,.506,.833,.496,.274,.237,.058,54.22,5.59,55.60,5.73,.270,.317,.789
65,デスパイネ,ソフトバンク,.269,297,80,14,40,.338,.444,.783,.487,.263,.175,.069,44.62,5.38,44.87,5.41,.322,.269,.739
67,福田　周平,オリックス,.268,448,120,0,24,.328,.319,.647,.434,.227,.051,.060,47.45,3.59,46.32,3.50,.291,.127,.539
67,谷内　亮太,日本ハム,.268,153,41,1,12,.309,.346,.655,.424,.225,.078,.041,15.66,3.49,14.98,3.34,.301,.124,.526
69,大山　悠輔,阪神,.267,439,117,23,87,.358,.469,.827,.514,.278,.203,.091,71.10,5.55,71.75,5.60,.295,.335,.794
69,小深田　大翔,楽天,.267,424,113,2,29,.328,.342,.670,.442,.233,.075,.061,51.07,4.07,50.60,4.03,.298,.196,.614
69,周東　佑京,ソフトバンク,.267,288,77,5,15,.324,.365,.688,.445,.237,.097,.056,37.44,4.51,37.58,4.53,.310,.236,.676
69,梶原　昂希,DeNA,.267,15,4,1,2,.267,.467,.733,.422,.237,.200,.000,1.83,4.49,1.88,4.61,.600,.200,.636
73,山川　穂高,西武,.266,448,119,41,90,.375,.578,.953,.568,.313,.313,.109,93.80,7.41,92.88,7.33,.265,.464,.991
73,小園　海斗,広島,.266,473,126,7,38,.300,.362,.662,.421,.225,.095,.034,49.31,3.57,49.76,3.60,.295,.146,.544
73,源田　壮亮,西武,.266,414,110,2,17,.317,.338,.655,.430,.227,.072,.051,45.66,3.79,44.66,3.71,.308,.164,.570
73,ソト,DeNA,.266,368,98,17,49,.342,.473,.815,.500,.272,.207,.076,57.23,5.48,56.10,5.37,.325,.310,.772
73,大城　卓三,巨人,.266,346,92,13,43,.339,.416,.755,.477,.256,.150,.073,47.89,4.74,47.10,4.66,.298,.257,.693
78,秋山　翔吾,広島,.265,155,41,5,26,.333,.413,.746,.471,.253,.148,.069,20.46,4.53,20.83,4.61,.305,.219,.675
79,佐藤　輝明,阪神,.264,541,143,20,84,.328,.470,.798,.485,.265,.205,.064,85.98,5.62,85.41,5.58,.315,.314,.781
79,島田　海吏,阪神,.264,311,82,0,17,.303,.299,.602,.403,.211,.035,.039,30.82,3.37,30.48,3.33,.309,.135,.536
79,栗山　巧,西武,.264,239,63,3,29,.326,.360,.686,.446,.237,.096,.062,26.64,3.79,27.00,3.84,.328,.188,.586
79,戸柱　恭孝,DeNA,.264,144,38,4,16,.280,.382,.662,.407,.221,.118,.016,15.07,3.66,15.51,3.77,.291,.139,.546
83,安田　尚憲,ロッテ,.263,388,102,9,47,.343,.397,.740,.475,.254,.134,.080,52.54,4.71,52.24,4.69,.314,.247,.678
83,中村　悠平,ヤクルト,.263,266,70,5,28,.334,.361,.695,.455,.241,.098,.071,31.78,3.95,32.22,4.01,.275,.195,.612
85,菊池　涼介,広島,.262,462,121,6,45,.300,.359,.659,.420,.225,.097,.038,49.66,3.48,48.60,3.41,.274,.147,.544
85,安達　了一,オリックス,.262,206,54,1,18,.349,.320,.669,.456,.237,.058,.087,25.83,4.25,25.61,4.22,.315,.199,.626
87,銀次,楽天,.261,238,62,0,26,.335,.286,.620,.430,.222,.025,.074,24.45,3.55,24.91,3.62,.292,.143,.530
88,平沼　翔太,西武,.260,73,19,1,3,.356,.342,.699,.470,.246,.082,.096,10.90,5.07,11.44,5.33,.295,.288,.745
89,川越　誠司,西武,.259,139,36,2,14,.346,.381,.727,.473,.251,.122,.087,19.17,4.84,18.99,4.79,.351,.252,.679
90,山崎　晃大朗,ヤクルト,.258,341,88,2,37,.309,.334,.643,.420,.223,.076,.051,35.82,3.53,35.68,3.52,.302,.161,.551
91,中村　奨吾,ロッテ,.257,498,128,12,68,.354,.392,.746,.485,.257,.135,.097,73.55,4.88,74.70,4.96,.278,.293,.730
91,桑原　将志,DeNA,.257,475,122,4,39,.322,.354,.676,.440,.233,.097,.065,56.32,4.09,54.82,3.98,.303,.196,.602
91,鈴木　大地,楽天,.257,408,105,5,35,.344,.341,.685,.458,.240,.083,.087,50.25,4.12,50.58,4.15,.275,.181,.623
91,三森　大貴,ソフトバンク,.257,393,101,9,36,.309,.379,.688,.436,.234,.122,.052,50.37,4.37,50.63,4.40,.291,.237,.661
91,岸田　行倫,巨人,.257,35,9,0,1,.316,.257,.573,.402,.206,.000,.059,3.10,3.22,3.13,3.25,.310,.057,.462
96,宇佐見　真吾,日本ハム,.256,215,55,5,24,.296,.372,.668,.420,.226,.116,.040,24.91,3.98,25.10,4.01,.282,.172,.581
96,角中　勝也,ロッテ,.256,129,33,1,11,.304,.310,.614,.408,.214,.054,.049,12.07,3.32,12.00,3.31,.344,.116,.490
96,マルテ,阪神,.256,90,23,1,11,.324,.300,.624,.424,.221,.044,.068,9.54,3.68,10.25,3.95,.306,.133,.544
96,増田　珠,ソフトバンク,.256,39,10,1,6,.302,.462,.764,.456,.251,.205,.046,5.48,4.49,5.63,4.61,.257,.256,.667
100,関根　大気,DeNA,.254,201,51,1,13,.293,.313,.606,.398,.210,.060,.039,18.17,2.90,18.55,2.96,.276,.104,.478
100,宮本　丈,ヤクルト,.254,114,29,1,8,.331,.333,.664,.442,.232,.079,.076,12.95,3.68,12.58,3.58,.267,.149,.580
100,正木　智也,ソフトバンク,.254,67,17,3,5,.367,.448,.815,.516,.277,.194,.113,11.40,5.92,11.26,5.85,.341,.343,.824
103,中村　晃,ソフトバンク,.253,379,96,7,51,.334,.351,.685,.451,.238,.098,.081,45.88,4.10,46.08,4.12,.267,.214,.611
104,浅村　栄斗,楽天,.252,532,134,27,86,.365,.436,.801,.510,.273,.184,.113,86.84,5.61,87.98,5.68,.288,.359,.797
104,岡本　和真,巨人,.252,520,131,30,82,.336,.469,.805,.493,.269,.217,.084,81.65,5.47,81.78,5.48,.254,.329,.776
104,楠本　泰史,DeNA,.252,282,71,6,26,.322,.362,.683,.442,.235,.110,.070,34.82,4.05,34.99,4.07,.275,.206,.627
104,溝脇　隼人,中日,.252,139,35,0,9,.289,.302,.591,.389,.205,.050,.037,12.35,2.85,12.65,2.92,.285,.115,.477
108,森　友哉,西武,.251,366,92,8,38,.328,.391,.718,.458,.245,.139,.076,46.00,4.28,45.31,4.22,.284,.254,.650
109,鈴木　将平,西武,.250,212,53,1,13,.279,.321,.600,.386,.206,.071,.029,17.56,2.77,17.47,2.76,.269,.099,.448
109,増田　陸,巨人,.250,140,35,5,16,.318,.400,.718,.452,.243,.150,.068,17.91,4.40,17.73,4.35,.316,.257,.667
109,武藤　敦貴,楽天,.250,88,22,1,9,.323,.375,.698,.448,.239,.125,.073,9.40,3.48,9.82,3.63,.350,.170,.542
109,藤田　一也,DeNA,.250,36,9,0,5,.325,.250,.575,.408,.209,.000,.075,2.97,2.86,3.02,2.91,.290,.111,.464
109,内川　聖一,ヤクルト,.250,16,4,0,1,.294,.375,.669,.419,.226,.125,.044,1.82,4.10,1.68,3.78,.286,.188,.583
109,植田　海,阪神,.250,12,3,0,1,.357,.250,.607,.440,.223,.000,.107,1.36,3.33,1.44,3.53,.273,.333,.636
109,大下　誠一郎,オリックス,.250,8,2,0,0,.400,.500,.900,.567,.305,.250,.150,1.72,7.74,1.56,7.02,.333,.375,1.000
109,元　謙太,オリックス,.250,8,2,0,1,.250,.250,.500,.333,.175,.000,.000,0.48,1.84,0.48,1.85,.333,.000,.333
109,福元　悠真,中日,.250,4,1,0,0,.250,.250,.500,.333,.175,.000,.000,0.23,2.05,0.23,2.07,.250,.000,.333
118,高橋　周平,中日,.249,265,66,2,21,.308,.306,.614,.410,.215,.057,.059,23.65,3.04,23.84,3.07,.288,.117,.500
118,山本　泰寛,阪神,.249,181,45,2,15,.290,.304,.594,.391,.207,.055,.042,16.02,2.87,16.40,2.93,.291,.110,.471
120,青木　宣親,ヤクルト,.248,222,55,5,22,.336,.360,.696,.456,.241,.113,.088,27.67,4.20,28.53,4.33,.260,.248,.646
120,土田　龍空,中日,.248,210,52,0,12,.283,.290,.573,.379,.200,.043,.035,15.23,2.35,15.28,2.36,.297,.081,.437
120,茶谷　健太,ロッテ,.248,137,34,1,9,.322,.321,.644,.429,.225,.073,.074,13.50,3.23,13.42,3.21,.308,.146,.523
123,糸原　健斗,阪神,.247,445,110,3,36,.307,.299,.606,.406,.213,.052,.060,41.45,3.15,42.51,3.23,.265,.128,.499
123,大和,DeNA,.247,259,64,1,18,.277,.309,.586,.380,.202,.062,.030,18.72,2.37,18.53,2.35,.289,.089,.427
123,蝦名　達夫,DeNA,.247,158,39,3,8,.316,.329,.645,.426,.225,.082,.069,16.01,3.23,16.24,3.27,.303,.152,.543
126,木下　拓哉,中日,.246,419,103,6,48,.289,.341,.630,.403,.215,.095,.043,42.97,3.42,44.00,3.50,.247,.165,.539
126,井上　晴哉,ロッテ,.246,199,49,7,34,.345,.422,.767,.486,.261,.176,.099,30.62,5.37,30.77,5.39,.300,.322,.757
128,羽月　隆太郎,広島,.245,94,23,0,10,.276,.340,.616,.389,.209,.096,.031,7.81,2.77,7.49,2.66,.295,.128,.467
129,大城　滉二,オリックス,.244,90,22,2,6,.333,.356,.689,.452,.239,.111,.089,11.59,4.01,11.46,3.97,.282,.267,.657
130,山田　哲人,ヤクルト,.243,469,114,23,65,.333,.456,.790,.485,.264,.213,.090,74.24,5.43,75.14,5.50,.293,.358,.791
130,愛斗,西武,.243,366,89,9,28,.266,.369,.635,.389,.212,.126,.023,34.44,3.07,34.41,3.07,.265,.167,.528
130,堂林　翔太,広島,.243,255,62,8,28,.279,.400,.679,.412,.225,.157,.036,26.30,3.43,26.32,3.43,.316,.196,.567
133,渡邊　佳明,楽天,.242,153,37,1,17,.295,.294,.589,.393,.206,.052,.053,12.73,2.77,13.30,2.90,.275,.124,.463
133,中島　宏之,巨人,.242,99,24,1,20,.315,.333,.649,.426,.225,.091,.073,9.11,3.00,9.26,3.05,.307,.182,.531
133,ギッテンス,楽天,.242,62,15,0,8,.365,.274,.639,.456,.233,.032,.123,7.55,4.34,7.59,4.36,.405,.210,.617
136,長岡　秀樹,ヤクルト,.241,511,123,9,48,.273,.337,.610,.385,.207,.096,.033,44.01,2.87,44.58,2.91,.257,.133,.486
136,キブレハン,ヤクルト,.241,83,20,6,14,.264,.494,.758,.429,.242,.253,.023,10.53,4.31,11.16,4.57,.246,.265,.662
138,ポランコ,巨人,.240,438,105,24,58,.306,.457,.762,.458,.252,.217,.066,60.87,4.76,62.20,4.87,.263,.311,.708
138,中村　健人,広島,.240,121,29,3,10,.285,.339,.623,.398,.213,.099,.045,12.03,3.21,12.27,3.28,.274,.165,.527
140,野村　勇,ソフトバンク,.239,180,43,10,25,.312,.489,.800,.475,.262,.250,.073,26.41,4.72,26.63,4.76,.300,.372,.762
141,山口　航輝,ロッテ,.237,321,76,16,57,.295,.430,.725,.438,.240,.193,.058,39.42,4.19,40.17,4.27,.270,.268,.656
141,炭谷　銀仁朗,楽天,.237,253,60,4,18,.293,.300,.593,.393,.207,.063,.056,19.15,2.34,19.59,2.39,.264,.123,.451
141,磯村　嘉孝,広島,.237,114,27,3,15,.293,.360,.652,.413,.222,.123,.056,11.14,3.20,11.13,3.20,.255,.184,.549
144,石井　一成,日本ハム,.236,296,70,6,32,.284,.378,.663,.411,.223,.142,.048,31.78,3.49,32.70,3.59,.270,.213,.570
145,杉本　裕太郎,オリックス,.235,379,89,15,51,.324,.398,.722,.457,.245,.164,.089,48.17,4.26,49.27,4.36,.320,.269,.667
146,森　敬斗,DeNA,.234,154,36,2,6,.293,.292,.586,.391,.205,.058,.060,11.81,2.51,12.00,2.55,.306,.149,.468
146,谷川原　健太,ソフトバンク,.234,64,15,0,8,.324,.359,.684,.444,.236,.125,.090,7.39,3.70,7.55,3.78,.313,.219,.596
148,丸山　和郁,ヤクルト,.233,90,21,1,9,.258,.311,.569,.362,.194,.078,.025,5.70,1.97,5.75,1.99,.294,.078,.405
148,渡邉　諒,日本ハム,.233,60,14,0,2,.281,.367,.648,.403,.218,.133,.048,5.94,3.41,5.67,3.26,.326,.183,.553
150,淺間　大基,日本ハム,.232,224,52,4,15,.267,.357,.624,.386,.209,.125,.035,21.83,3.22,21.82,3.22,.282,.214,.562
150,内山　壮真,ヤクルト,.232,177,41,4,19,.299,.362,.661,.419,.225,.130,.067,17.89,3.33,17.70,3.30,.298,.220,.570
152,伊藤　康祐,中日,.231,26,6,0,1,.259,.346,.605,.375,.203,.115,.028,2.33,3.14,2.16,2.92,.286,.154,.500
152,髙田　知季,ソフトバンク,.231,13,3,0,3,.231,.385,.615,.359,.200,.154,.000,1.31,3.55,1.29,3.48,.333,.231,.600
154,伏見　寅威,オリックス,.229,205,47,3,21,.274,.341,.615,.388,.209,.112,.045,17.84,2.63,17.82,2.63,.249,.156,.506
154,古川　裕大,日本ハム,.229,96,22,0,1,.288,.260,.549,.375,.195,.031,.059,6.59,2.20,6.69,2.23,.286,.094,.403
154,野村　大樹,ソフトバンク,.229,70,16,0,8,.270,.329,.599,.380,.204,.100,.042,5.55,2.63,5.30,2.51,.302,.143,.482
157,梅野　隆太郎,阪神,.228,294,67,4,25,.298,.282,.581,.393,.205,.054,.071,21.01,2.26,21.67,2.33,.286,.160,.467
158,今川　優馬,日本ハム,.227,273,62,10,39,.290,.388,.679,.420,.228,.161,.063,30.03,3.51,31.63,3.70,.256,.231,.597
158,呉　念庭,西武,.227,260,59,5,28,.322,.327,.649,.431,.227,.100,.095,30.20,3.94,31.48,4.11,.265,.250,.613
158,糸井　嘉男,阪神,.227,163,37,3,22,.302,.301,.603,.402,.211,.074,.075,15.05,3.13,15.61,3.24,.258,.172,.519
158,八百板　卓丸,巨人,.227,44,10,0,0,.292,.273,.564,.383,.199,.045,.064,3.61,2.87,3.60,2.86,.370,.136,.471
162,頓宮　裕真,オリックス,.226,234,53,11,34,.311,.440,.751,.458,.250,.214,.085,32.56,4.56,34.09,4.77,.236,.312,.717
162,野口　智哉,オリックス,.226,155,35,1,6,.277,.284,.561,.372,.196,.058,.051,10.77,2.33,10.77,2.33,.343,.110,.435
164,マッカーシー,オリックス,.225,178,40,4,19,.344,.343,.687,.459,.241,.118,.120,23.24,4.45,23.81,4.56,.308,.264,.671
164,石川　昂弥,中日,.225,129,29,5,19,.264,.411,.675,.401,.222,.186,.039,14.90,3.87,15.83,4.11,.242,.240,.610
166,紅林　弘太郎,オリックス,.224,450,101,6,32,.275,.318,.593,.381,.203,.093,.050,35.55,2.55,36.11,2.59,.247,.151,.479
166,ロハス・ジュニア,阪神,.224,183,41,9,27,.322,.410,.732,.459,.247,.186,.098,24.55,4.51,25.28,4.64,.262,.306,.699
166,佐野　皓大,オリックス,.224,107,24,2,9,.252,.336,.589,.364,.198,.112,.028,8.29,2.36,8.44,2.40,.265,.150,.455
166,滝澤　夏央,西武,.224,85,19,0,4,.258,.271,.529,.349,.184,.047,.035,4.88,1.85,4.93,1.87,.288,.094,.391
170,茂木　栄五郎,楽天,.223,238,53,9,30,.300,.395,.695,.431,.234,.172,.077,29.61,4.19,30.47,4.31,.278,.303,.665
170,中島　卓也,日本ハム,.223,130,29,0,8,.282,.262,.543,.369,.192,.038,.059,12.13,2.87,12.57,2.98,.269,.223,.552
172,エチェバリア,ロッテ,.222,243,54,2,20,.251,.300,.551,.351,.188,.078,.029,17.00,2.32,17.44,2.38,.264,.136,.448
172,黒川　史陽,楽天,.222,63,14,0,2,.296,.270,.566,.386,.201,.048,.074,4.89,2.54,5.24,2.72,.255,.143,.451
172,加藤　翔平,中日,.222,27,6,1,5,.276,.407,.683,.412,.226,.185,.054,3.80,4.47,3.75,4.40,.217,.370,.762
172,渡辺　勝,中日,.222,9,2,0,0,.222,.222,.444,.296,.156,.000,.000,0.32,1.25,0.35,1.35,.333,.000,.286
172,桂　依央利,中日,.222,9,2,0,0,.222,.222,.444,.296,.156,.000,.000,0.33,1.28,0.35,1.35,.286,.000,.286
177,清宮　幸太郎,日本ハム,.219,406,89,18,55,.305,.429,.734,.448,.244,.209,.086,53.04,4.31,53.99,4.39,.254,.318,.683
178,西川　遥輝,楽天,.218,372,81,7,37,.342,.341,.683,.455,.239,.124,.124,50.13,4.38,51.21,4.47,.274,.336,.694
178,三好　大倫,中日,.218,55,12,1,2,.246,.345,.591,.361,.197,.127,.027,5.87,3.37,5.84,3.35,.262,.273,.628
180,岡　大海,ロッテ,.217,207,45,6,19,.321,.377,.698,.447,.239,.159,.104,28.90,4.48,29.82,4.63,.255,.333,.741
180,松山　竜平,広島,.217,152,33,2,23,.265,.303,.568,.366,.195,.086,.048,12.08,2.63,13.05,2.84,.237,.158,.471
182,重信　慎之介,巨人,.216,111,24,0,9,.275,.243,.518,.356,.185,.027,.059,8.09,2.23,8.29,2.28,.264,.135,.444
183,外崎　修汰,西武,.215,478,103,12,47,.295,.356,.650,.413,.222,.140,.079,49.43,3.28,50.94,3.38,.248,.257,.583
184,佐藤　都志也,ロッテ,.214,359,77,8,31,.260,.315,.574,.365,.196,.100,.045,27.51,2.37,30.20,2.61,.225,.170,.480
184,岡島　豪郎,楽天,.214,182,39,3,25,.264,.341,.605,.378,.204,.126,.050,14.93,2.62,15.58,2.73,.231,.187,.507
184,太田　光,楽天,.214,145,31,3,18,.325,.303,.629,.427,.222,.090,.112,15.96,3.31,16.23,3.37,.257,.241,.590
184,中谷　将大,ソフトバンク,.214,28,6,1,4,.233,.393,.626,.364,.203,.179,.019,2.68,3.02,3.01,3.39,.294,.250,.609
184,福田　永将,中日,.214,28,6,1,2,.241,.357,.599,.360,.198,.143,.027,2.38,2.92,2.46,3.02,.250,.179,.500
189,オグレディ,西武,.213,404,86,15,46,.312,.384,.695,.440,.236,.171,.099,49.34,4.05,50.34,4.13,.271,.307,.657
190,三ツ俣　大樹,中日,.211,123,26,0,10,.305,.276,.581,.397,.206,.065,.094,10.96,2.57,11.00,2.58,.265,.203,.515
190,長野　久義,広島,.211,123,26,3,15,.269,.325,.594,.377,.202,.114,.057,10.36,2.77,10.94,2.92,.264,.211,.520
192,アルカンタラ,日本ハム,.209,263,55,14,28,.267,.392,.658,.397,.218,.183,.058,25.73,3.19,27.67,3.43,.252,.255,.562
192,藤原　恭大,ロッテ,.209,115,24,1,5,.272,.252,.524,.356,.185,.043,.063,9.40,2.73,9.61,2.79,.250,.200,.522
192,菅野　剛士,ロッテ,.209,86,18,1,6,.269,.314,.583,.373,.199,.105,.060,7.03,2.75,6.99,2.74,.262,.186,.493
195,マルモレホス,楽天,.208,202,42,7,28,.278,.342,.620,.392,.211,.134,.070,18.89,3.11,20.02,3.30,.273,.233,.546
195,小田　裕也,オリックス,.208,24,5,1,2,.269,.375,.644,.394,.215,.167,.061,2.43,2.86,2.73,3.20,.250,.375,.652
197,會澤　翼,広島,.207,290,60,3,33,.276,.272,.548,.366,.192,.066,.069,19.39,2.12,21.28,2.33,.234,.145,.448
197,若林　楽人,西武,.207,87,18,0,3,.258,.207,.465,.327,.168,.000,.051,4.48,1.68,4.86,1.82,.327,.069,.371
199,鵜飼　航丞,中日,.206,180,37,4,16,.262,.328,.589,.371,.200,.122,.056,15.80,2.96,16.49,3.09,.292,.178,.517
199,濱田　太貴,ヤクルト,.206,141,29,6,14,.238,.383,.621,.366,.203,.177,.032,10.75,2.44,11.34,2.57,.225,.213,.500
201,嶺井　博希,DeNA,.205,244,50,5,30,.237,.295,.532,.336,.181,.090,.032,12.62,1.61,13.74,1.75,.234,.111,.400
201,バレラ,オリックス,.205,112,23,1,6,.294,.277,.570,.386,.201,.071,.088,8.60,2.47,8.81,2.53,.218,.179,.473
201,宇草　孔基,広島,.205,88,18,1,6,.278,.261,.540,.365,.191,.057,.074,5.60,2.04,5.94,2.17,.262,.091,.425
201,岸　潤一郎,西武,.205,73,15,2,7,.284,.356,.640,.403,.217,.151,.078,7.77,3.44,8.05,3.56,.203,.219,.576
205,松田　宣浩,ソフトバンク,.204,98,20,0,7,.255,.245,.500,.336,.176,.041,.051,5.82,1.97,6.36,2.15,.253,.112,.405
205,木浪　聖也,阪神,.204,93,19,1,6,.253,.280,.532,.346,.184,.075,.048,5.76,1.99,5.89,2.04,.240,.129,.421
205,立岡　宗一郎,巨人,.204,54,11,1,3,.246,.278,.523,.338,.180,.074,.042,4.08,2.56,4.27,2.68,.233,.185,.488
208,万波　中正,日本ハム,.203,296,60,14,40,.237,.392,.629,.368,.205,.189,.034,26.44,2.93,28.50,3.15,.264,.223,.533
208,山﨑　剛,楽天,.203,187,38,3,13,.280,.337,.617,.392,.210,.134,.077,19.27,3.12,19.61,3.17,.235,.283,.603
208,大盛　穂,広島,.203,69,14,1,3,.276,.333,.610,.387,.208,.130,.073,5.15,2.36,5.37,2.46,.255,.188,.475
208,レビーラ,中日,.203,64,13,1,3,.227,.281,.509,.321,.173,.078,.024,2.45,1.23,2.62,1.31,.364,.109,.370
212,山田　遥楓,西武,.200,80,16,0,9,.270,.225,.495,.345,.178,.025,.070,5.42,2.12,5.94,2.32,.250,.138,.422
212,若林　晃弘,巨人,.200,80,16,0,8,.261,.238,.499,.341,.177,.038,.061,3.31,1.23,3.78,1.40,.267,.113,.362
212,平田　良介,中日,.200,75,15,1,10,.277,.280,.557,.370,.195,.080,.077,5.33,2.32,5.52,2.40,.259,.173,.468
212,根尾　昂,中日,.200,40,8,0,4,.289,.250,.539,.372,.193,.050,.089,2.82,2.24,2.86,2.27,.250,.175,.455
212,田中　広輔,広島,.200,40,8,0,1,.267,.275,.542,.358,.189,.075,.067,2.74,2.17,3.18,2.53,.296,.125,.424
212,香月　一也,巨人,.200,35,7,0,2,.243,.257,.500,.329,.174,.057,.043,2.03,1.95,2.04,1.97,.259,.114,.393
212,オコエ　瑠偉,楽天,.200,25,5,0,0,.200,.200,.400,.267,.140,.000,.000,0.73,0.98,0.82,1.11,.294,.040,.300
212,松本　直樹,ヤクルト,.200,20,4,2,5,.200,.500,.700,.367,.215,.300,.000,1.44,2.15,1.69,2.54,.118,.300,.556
212,熊代　聖人,西武,.200,10,2,0,0,.200,.200,.400,.267,.140,.000,.000,0.03,0.07,0.09,0.19,.200,-.100,.111
212,安田　悠馬,楽天,.200,10,2,1,1,.333,.500,.833,.500,.275,.300,.133,1.39,4.17,1.50,4.50,.200,.500,.778
212,田村　龍弘,ロッテ,.200,5,1,0,0,.200,.200,.400,.267,.140,.000,.000,0.11,0.77,0.13,0.88,.250,.000,.250
223,中山　礼都,巨人,.198,131,26,0,3,.234,.206,.440,.302,.157,.008,.035,5.18,1.25,5.59,1.35,.239,.076,.336
224,中村　剛也,西武,.196,276,54,12,31,.241,.355,.597,.360,.197,.159,.046,21.21,2.49,23.01,2.70,.222,.210,.502
224,太田　椋,オリックス,.196,92,18,1,5,.245,.293,.538,.343,.184,.098,.049,6.54,2.29,6.58,2.31,.236,.163,.446
224,ウィーラー,巨人,.196,56,11,2,5,.297,.339,.636,.410,.218,.143,.100,5.82,3.41,6.02,3.53,.191,.268,.565
227,柴田　竜拓,DeNA,.195,169,33,0,1,.284,.237,.521,.363,.187,.041,.089,11.09,2.01,11.38,2.06,.223,.154,.426
228,矢野　雅哉,広島,.194,67,13,2,5,.280,.284,.564,.375,.197,.090,.086,5.37,2.50,5.87,2.73,.234,.179,.473
228,清水　優心,日本ハム,.194,62,12,0,3,.219,.210,.428,.289,.151,.016,.025,1.50,0.74,1.71,0.84,.240,.016,.269
230,中村　奨成,広島,.193,57,11,0,5,.207,.228,.435,.283,.150,.035,.014,1.25,0.71,1.44,0.81,.224,.018,.250
231,ジャンセン・ウィティ,西武,.192,120,23,2,13,.227,.283,.510,.321,.173,.092,.035,4.87,1.24,5.83,1.49,.250,.150,.394
232,郡司　裕也,中日,.190,42,8,0,0,.292,.214,.506,.363,.185,.024,.101,1.49,1.06,1.62,1.15,.267,.143,.395
233,レアード,ロッテ,.189,365,69,15,48,.237,.337,.574,.350,.191,.148,.048,26.48,2.30,30.41,2.64,.205,.200,.485
233,坂本　誠志郎,阪神,.189,127,24,0,6,.285,.213,.497,.356,.181,.024,.096,8.40,2.04,8.69,2.11,.222,.126,.423
233,神里　和毅,DeNA,.189,95,18,1,10,.274,.326,.600,.382,.205,.137,.084,8.59,2.83,8.83,2.91,.246,.253,.556
233,髙山　俊,阪神,.189,53,10,0,0,.218,.226,.445,.294,.155,.038,.030,2.46,1.51,2.55,1.56,.238,.113,.372
237,小幡　竜平,阪神,.188,69,13,1,5,.208,.246,.455,.290,.155,.058,.020,2.90,1.35,3.54,1.65,.245,.087,.339
237,村林　一輝,楽天,.188,16,3,0,0,.235,.188,.423,.298,.153,.000,.048,-0.16,-0.29,-0.01,-0.02,.273,-.063,.133
239,北條　史也,阪神,.186,43,8,1,7,.217,.279,.496,.310,.168,.093,.031,2.20,1.53,2.72,1.88,.179,.140,.389
240,長谷川　信哉,西武,.185,65,12,0,3,.221,.246,.467,.303,.161,.062,.036,2.55,1.25,2.63,1.29,.273,.123,.364
241,後藤　駿太,オリックス,.184,49,9,0,2,.231,.224,.455,.306,.160,.041,.047,1.58,1.02,1.88,1.21,.265,.061,.310
242,古賀　優大,ヤクルト,.183,71,13,0,4,.200,.225,.425,.275,.146,.042,.017,1.50,0.62,2.15,0.89,.203,.070,.295
243,山足　達也,オリックス,.182,44,8,1,2,.234,.273,.507,.325,.174,.091,.052,2.62,1.73,2.82,1.86,.194,.182,.432
243,並木　秀尊,ヤクルト,.182,22,4,0,0,.182,.364,.545,.303,.173,.182,.000,1.43,1.93,1.47,1.98,.200,.273,.526
243,山瀬　慎之助,巨人,.182,11,2,0,0,.182,.273,.455,.273,.150,.091,.000,0.41,1.23,0.39,1.17,.222,.091,.333
246,甲斐　拓也,ソフトバンク,.180,323,58,1,27,.275,.223,.498,.350,.180,.043,.096,18.84,1.61,20.33,1.74,.207,.155,.408
246,廣岡　大志,巨人,.180,50,9,0,4,.293,.280,.573,.386,.202,.100,.113,3.91,2.34,3.94,2.36,.250,.240,.512
248,木村　文紀,日本ハム,.179,95,17,2,9,.218,.284,.502,.313,.169,.105,.039,4.55,1.52,5.31,1.77,.273,.137,.388
248,石橋　康太,中日,.179,67,12,0,4,.203,.284,.486,.297,.162,.104,.024,3.23,1.41,3.15,1.37,.194,.134,.375
248,和田　康士朗,ロッテ,.179,28,5,0,1,.281,.214,.496,.353,.180,.036,.103,1.26,1.10,1.60,1.39,.294,.286,.467
251,藤岡　裕大,ロッテ,.176,68,12,0,1,.250,.206,.456,.319,.164,.029,.074,3.65,1.59,4.21,1.83,.211,.132,.375
252,川端　慎吾,ヤクルト,.175,57,10,0,7,.234,.193,.427,.299,.154,.018,.059,2.09,1.13,2.91,1.57,.192,.088,.333
252,長坂　拳弥,阪神,.175,40,7,0,1,.175,.250,.425,.258,.141,.075,.000,0.61,0.40,0.66,0.43,.233,.075,.286
254,ヌニエス,日本ハム,.174,167,29,4,12,.228,.299,.527,.328,.177,.126,.054,10.62,2.05,11.60,2.24,.243,.186,.453
255,松川　虎生,ロッテ,.173,185,32,0,14,.245,.200,.445,.312,.160,.027,.072,6.23,1.00,7.25,1.16,.239,.130,.350
255,柘植　世那,西武,.173,104,18,1,5,.202,.250,.452,.285,.153,.077,.029,3.45,0.94,4.07,1.11,.213,.106,.326
255,北村　拓己,巨人,.173,52,9,0,1,.204,.231,.434,.281,.149,.058,.031,1.08,0.63,1.24,0.73,.243,.077,.311
255,倉本　寿彦,DeNA,.173,52,9,1,2,.189,.231,.419,.266,.143,.058,.016,1.50,0.92,1.85,1.14,.200,.077,.302
259,京田　陽太,中日,.172,128,22,3,8,.248,.297,.545,.347,.186,.125,.076,9.47,2.35,9.79,2.43,.179,.211,.486
259,宜保　翔,オリックス,.172,29,5,0,2,.194,.207,.400,.263,.139,.034,.021,0.97,0.94,1.37,1.32,.167,.069,.292
261,ガルビス,ソフトバンク,.171,111,19,2,11,.285,.243,.528,.366,.189,.072,.113,7.60,2.14,8.74,2.46,.210,.198,.463
261,福田　秀平,ロッテ,.171,41,7,0,4,.292,.195,.487,.357,.180,.024,.121,2.88,2.29,3.12,2.48,.250,.220,.471
261,細川　凌平,日本ハム,.171,41,7,0,2,.244,.293,.537,.342,.183,.122,.074,2.65,1.88,2.74,1.95,.233,.220,.457
264,海野　隆司,ソフトバンク,.167,42,7,1,4,.167,.286,.452,.262,.146,.119,.000,1.46,1.13,1.64,1.27,.200,.119,.343
264,明石　健志,ソフトバンク,.167,30,5,0,3,.242,.233,.476,.320,.167,.067,.076,1.34,1.30,1.48,1.43,.185,.167,.385
264,福田　光輝,ロッテ,.167,18,3,0,1,.318,.222,.540,.392,.199,.056,.152,1.63,2.93,1.71,3.08,.200,.278,.533
264,小郷　裕哉,楽天,.167,18,3,1,2,.250,.389,.639,.380,.210,.222,.083,1.98,2.97,2.08,3.12,.125,.333,.600
264,黒瀬　健太,ソフトバンク,.167,12,2,0,1,.267,.167,.433,.322,.162,.000,.100,0.67,1.63,1.09,2.68,.400,.167,.400
264,阪口　樂,日本ハム,.167,6,1,0,0,.167,.167,.333,.222,.117,.000,.000,-0.02,-0.08,0.02,0.11,.500,.000,.200
270,杉谷　拳士,日本ハム,.165,97,16,0,3,.229,.186,.414,.290,.149,.021,.064,3.38,1.07,3.86,1.23,.200,.103,.321
271,マーティン,ロッテ,.163,221,36,9,25,.293,.317,.610,.399,.211,.154,.130,23.26,3.29,25.84,3.65,.194,.308,.612
272,石垣　雅海,中日,.162,68,11,3,6,.186,.294,.480,.284,.157,.132,.024,2.81,1.22,3.44,1.50,.195,.162,.379
273,後藤　駿太,中日,.160,50,8,0,4,.250,.260,.510,.337,.178,.100,.090,3.00,1.80,3.15,1.89,.190,.160,.419
273,三木　亮,ロッテ,.160,25,4,0,1,.222,.160,.382,.276,.140,.000,.062,1.07,1.03,1.19,1.15,.167,.080,.333
275,リチャード,ソフトバンク,.159,63,10,3,5,.243,.317,.560,.349,.189,.159,.084,4.45,2.23,5.05,2.53,.226,.254,.500
276,柿沼　友哉,ロッテ,.158,19,3,0,0,.158,.158,.316,.211,.111,.000,.000,-0.25,-0.32,-0.18,-0.23,.158,.000,.176
276,田中　俊太,DeNA,.158,19,3,0,1,.158,.158,.316,.211,.111,.000,.000,-0.07,-0.12,0.04,0.07,.188,.000,.188
278,熊谷　敬宥,阪神,.156,45,7,0,3,.152,.156,.308,.204,.107,.000,-.003,-0.50,-0.27,0.27,0.15,.167,.044,.209
278,石川　亮,日本ハム,.156,45,7,0,3,.191,.156,.347,.243,.125,.000,.036,0.29,0.18,0.53,0.33,.163,.044,.231
278,オースティン,DeNA,.156,32,5,1,3,.289,.313,.602,.394,.208,.156,.133,2.83,2.73,2.92,2.82,.235,.344,.571
281,古賀　悠斗,西武,.155,58,9,1,4,.265,.241,.506,.345,.179,.086,.110,3.84,1.92,4.43,2.22,.178,.241,.460
282,ロドリゲス,阪神,.154,65,10,2,9,.200,.277,.477,.292,.159,.123,.046,1.72,0.77,2.48,1.12,.170,.154,.373
282,石原　貴規,広島,.154,13,2,0,0,.214,.154,.368,.266,.135,.000,.060,-0.03,-0.05,0.04,0.08,.167,.077,.250
282,知野　直人,DeNA,.154,13,2,0,0,.214,.154,.368,.266,.135,.000,.060,0.40,0.98,0.49,1.20,.250,.154,.364
285,山野辺　翔,西武,.152,33,5,0,1,.200,.242,.442,.281,.151,.091,.048,1.45,1.35,1.51,1.41,.172,.182,.414
285,石岡　諒太,オリックス,.152,33,5,0,0,.176,.182,.358,.237,.125,.030,.025,0.36,0.33,0.54,0.49,.208,.091,.276
287,増田　大輝,巨人,.150,20,3,0,0,.190,.200,.390,.257,.136,.050,.040,0.91,1.12,1.23,1.51,.188,.450,.571
287,池田　陵真,オリックス,.150,20,3,0,1,.150,.150,.300,.200,.105,.000,.000,-0.57,-0.85,-0.41,-0.62,.250,-.050,.111
289,Ｔ－岡田,オリックス,.149,87,13,1,10,.211,.230,.440,.287,.152,.080,.061,3.05,1.08,3.82,1.36,.203,.161,.360
290,小林　誠司,巨人,.148,88,13,0,5,.157,.205,.362,.225,.122,.057,.010,0.17,0.06,0.37,0.13,.186,.068,.247
290,平沢　大河,ロッテ,.148,27,4,0,3,.250,.148,.398,.299,.150,.000,.102,1.26,1.42,1.81,2.04,.167,.185,.391
290,元山　飛優,ヤクルト,.148,27,4,1,2,.148,.370,.519,.272,.159,.222,.000,0.72,0.74,0.79,0.82,.136,.222,.400
293,奥村　展征,ヤクルト,.146,41,6,0,2,.186,.146,.332,.235,.120,.000,.040,0.15,0.11,0.44,0.33,.231,.049,.229
294,田中　和基,楽天,.143,63,9,1,5,.229,.238,.467,.308,.162,.095,.086,1.59,0.71,2.06,0.91,.216,.238,.410
294,川野　涼多,西武,.143,7,1,0,1,.125,.143,.268,.173,.092,.000,-.018,-0.41,-1.38,-0.01,-0.03,.167,-.143,.000
294,宮田　輝星,日本ハム,.143,7,1,0,0,.143,.143,.286,.190,.100,.000,.000,-0.09,-0.42,-0.05,-0.23,.167,.000,.167
297,宮本　秀明,DeNA,.139,36,5,1,2,.184,.333,.518,.295,.166,.194,.045,1.37,1.08,1.65,1.31,.143,.250,.424
298,ラベロ,オリックス,.138,58,8,1,2,.296,.207,.503,.365,.185,.069,.158,3.26,1.66,3.81,1.94,.189,.259,.472
298,牧野　翔矢,西武,.138,29,4,0,2,.194,.207,.400,.263,.139,.069,.056,0.05,0.05,0.26,0.25,.174,.103,.259
300,小野寺　暖,阪神,.136,44,6,1,7,.156,.273,.428,.246,.138,.136,.019,0.12,0.08,0.41,0.27,.161,.159,.317
300,荒木　貴裕,ヤクルト,.136,22,3,0,0,.321,.182,.503,.382,.190,.045,.185,1.82,2.58,1.99,2.83,.200,.318,.526
300,川島　慶三,楽天,.136,22,3,1,6,.174,.318,.492,.280,.158,.182,.038,0.75,0.93,0.93,1.14,.143,.227,.400
303,西村　凌,オリックス,.133,45,6,0,6,.152,.289,.441,.248,.141,.156,.019,1.44,0.97,1.41,0.95,.176,.178,.359
304,来田　涼斗,オリックス,.130,23,3,0,0,.231,.130,.361,.274,.136,.000,.100,0.14,0.17,0.38,0.47,.188,.087,.238
304,髙寺　望夢,阪神,.130,23,3,0,2,.192,.261,.453,.279,.152,.130,.062,1.28,1.58,1.59,1.95,.150,.261,.450
304,山下　斐紹,中日,.130,23,3,1,1,.167,.261,.428,.254,.140,.130,.036,0.65,0.88,0.92,1.24,.143,.174,.350
307,佐藤　直樹,ソフトバンク,.129,31,4,1,2,.206,.323,.528,.313,.173,.194,.077,1.95,1.88,2.19,2.11,.214,.290,.481
308,郡　拓也,日本ハム,.125,56,7,2,6,.197,.250,.447,.280,.151,.125,.072,2.09,1.09,2.70,1.40,.125,.196,.380
308,片岡　奨人,日本ハム,.125,24,3,0,0,.125,.167,.292,.181,.098,.042,.000,-0.37,-0.48,-0.26,-0.33,.231,.042,.190
308,渡邉　大樹,ヤクルト,.125,16,2,0,2,.125,.188,.313,.188,.103,.063,.000,-0.09,-0.16,0.00,0.00,.167,.125,.267
308,板山　祐太郎,阪神,.125,8,1,0,0,.222,.125,.347,.264,.131,.000,.097,0.10,0.38,0.18,0.69,.250,.125,.286
308,福永　奨,オリックス,.125,8,1,0,0,.125,.125,.250,.167,.088,.000,.000,-0.20,-0.78,-0.15,-0.58,.167,.000,.143
313,水野　達稀,日本ハム,.122,41,5,0,0,.163,.171,.334,.220,.116,.049,.041,-0.09,-0.06,0.15,0.11,.192,.098,.243
314,田中　貴也,楽天,.118,17,2,0,1,.211,.118,.328,.250,.124,.000,.093,0.10,0.19,0.27,0.49,.200,.059,.267
315,佐藤　龍世,日本ハム,.115,96,11,1,4,.175,.167,.341,.230,.120,.052,.060,0.39,0.12,1.18,0.36,.133,.125,.267
316,松原　聖弥,巨人,.113,71,8,0,4,.160,.155,.315,.212,.111,.042,.047,-0.90,-0.36,-0.38,-0.15,.157,.113,.242
317,高木　渉,西武,.111,36,4,0,1,.195,.111,.306,.232,.116,.000,.084,-0.15,-0.11,0.54,0.39,.154,.083,.212
317,田宮　裕涼,日本ハム,.111,18,2,0,0,.158,.167,.325,.213,.113,.056,.047,0.09,0.13,0.17,0.26,.125,.111,.250
317,加藤　匠馬,ロッテ,.111,9,1,0,0,.111,.222,.333,.185,.106,.111,.000,0.01,0.03,0.02,0.06,.143,.111,.250
317,喜多　隆介,巨人,.111,9,1,0,2,.111,.111,.222,.148,.078,.000,.000,-0.64,-1.92,-0.60,-1.80,.125,.000,.111
317,ガルシア,中日,.111,9,1,0,0,.111,.111,.222,.148,.078,.000,.000,-0.33,-1.11,-0.26,-0.88,.250,.000,.125
322,小川　龍成,ロッテ,.109,55,6,1,4,.275,.182,.457,.336,.169,.073,.166,4.15,1.93,5.08,2.36,.114,.345,.520
323,梅林　優貴,日本ハム,.104,48,5,0,3,.122,.125,.247,.164,.086,.021,.018,-1.21,-0.73,-0.88,-0.53,.161,.042,.163
324,山本　祐大,DeNA,.103,29,3,0,1,.156,.138,.294,.202,.105,.034,.053,-0.48,-0.47,-0.06,-0.06,.115,.103,.222
325,湯浅　大,巨人,.100,30,3,1,3,.206,.233,.439,.284,.151,.133,.106,1.82,1.70,2.13,1.98,.095,.367,.519
325,内田　靖人,楽天,.100,10,1,0,2,.231,.100,.331,.264,.129,.000,.131,0.31,0.77,0.75,1.84,.125,.200,.333
325,赤羽　由紘,ヤクルト,.100,10,1,0,0,.182,.100,.282,.215,.107,.000,.082,-0.07,-0.18,0.03,0.08,.167,.000,.222
325,韮澤　雄也,広島,.100,10,1,0,0,.182,.100,.282,.215,.107,.000,.082,-0.03,-0.08,0.06,0.16,.100,.100,.222
329,岡田　悠希,巨人,.095,21,2,0,0,.136,.095,.232,.168,.085,.000,.041,-0.62,-0.88,-0.43,-0.61,.143,.048,.158
330,池田　来翔,ロッテ,.091,22,2,0,0,.091,.136,.227,.136,.075,.045,.000,-0.75,-1.02,-0.63,-0.85,.125,.045,.150
331,山下　幸輝,DeNA,.083,12,1,0,1,.083,.083,.167,.111,.058,.000,.000,-0.62,-1.51,-0.51,-1.25,.111,.000,.091
332,伊藤　裕季也,DeNA,.077,13,1,0,0,.077,.077,.154,.103,.054,.000,.000,-1.08,-2.25,-1.00,-2.08,.143,.000,.077
333,上野　響平,日本ハム,.074,27,2,0,0,.138,.111,.249,.175,.090,.037,.064,-0.56,-0.56,-0.34,-0.34,.100,.111,.200
334,真砂　勇介,ソフトバンク,.071,28,2,0,0,.071,.071,.143,.095,.050,.000,.000,-1.62,-1.62,-1.38,-1.38,.105,.000,.077
334,西浦　直亨,ヤクルト,.071,14,1,0,0,.071,.071,.143,.095,.050,.000,.000,-1.16,-2.08,-1.06,-1.91,.143,.000,.071
334,髙松　渡,中日,.071,14,1,0,0,.071,.071,.143,.095,.050,.000,.000,-1.05,-1.77,-0.77,-1.30,.111,.143,.188
337,和田　恋,楽天,.069,29,2,0,1,.067,.069,.136,.090,.047,.000,-.002,-2.06,-1.92,-1.51,-1.41,.100,.000,.071
338,王　柏融,日本ハム,.063,32,2,0,0,.063,.094,.156,.094,.052,.031,.000,-2.15,-1.88,-1.95,-1.70,.100,.031,.097
339,渡部　遼人,オリックス,.059,17,1,0,2,.111,.059,.170,.131,.065,.000,.052,-0.96,-1.44,-0.76,-1.14,.091,.059,.118
339,髙濱　祐仁,日本ハム,.059,17,1,0,1,.056,.059,.114,.075,.040,.000,-.003,-1.15,-1.82,-0.67,-1.06,.167,.000,.063
341,細川　成也,DeNA,.053,19,1,1,1,.100,.211,.311,.170,.098,.158,.047,-0.23,-0.34,0.09,0.14,.000,.211,.278
342,福留　孝介,中日,.042,24,1,0,3,.167,.083,.250,.194,.096,.042,.125,-0.26,-0.28,0.66,0.71,.067,.208,.261
343,西川　愛也,西武,.000,30,0,0,0,.000,.000,.000,.000,.000,.000,.000,-2.87,-2.58,-2.56,-2.30,.000,.033,.033
343,豊田　寛,阪神,.000,7,0,0,0,.125,.000,.125,.125,.056,.000,.125,-0.72,-2.16,-0.65,-1.95,.000,.143,.125
343,伊藤　裕季也,楽天,.000,8,0,0,0,.000,.000,.000,.000,.000,.000,.000,-0.83,-2.81,-0.75,-2.53,.000,.000,.000
343,曽根　海成,広島,.000,6,0,0,0,.000,.000,.000,.000,.000,.000,.000,-1.04,-2.82,-0.76,-2.05,.000,.167,.111
343,戸川　大輔,西武,.000,6,0,0,0,.143,.000,.143,.143,.064,.000,.143,-0.32,-1.43,-0.22,-0.99,.000,.000,.167
343,有薗　直輝,日本ハム,.000,7,0,0,0,.000,.000,.000,.000,.000,.000,.000,-0.73,-2.82,-0.66,-2.55,.000,.000,.000
343,持丸　泰輝,広島,.000,6,0,0,0,.000,.000,.000,.000,.000,.000,.000,-0.62,-2.81,-0.56,-2.52,.000,.000,.000
343,白濱　裕太,広島,.000,4,0,0,0,.000,.000,.000,.000,.000,.000,.000,-0.33,-1.46,-0.29,-1.31,.000,.000,.000
343,江越　大賀,阪神,.000,4,0,0,0,.200,.000,.200,.200,.090,.000,.200,0.62,4.20,0.68,4.59,.000,1.250,1.250
343,田部　隼人,DeNA,.000,4,0,0,0,.000,.000,.000,.000,.000,.000,.000,-0.37,-1.98,-0.33,-1.78,.000,.000,.000
343,井上　広大,阪神,.000,5,0,0,0,.000,.000,.000,.000,.000,.000,.000,-0.52,-2.79,-0.47,-2.54,.000,.000,.000
343,ワカマツ,中日,.000,3,0,0,0,.250,.000,.250,.250,.113,.000,.250,0.01,0.09,0.07,0.63,.000,.333,.333
343,中山　誠吾,西武,.000,3,0,0,0,.000,.000,.000,.000,.000,.000,.000,-0.31,-2.77,-0.28,-2.52,.000,.000,.000
343,三好　匠,広島,.000,2,0,0,0,.000,.000,.000,.000,.000,.000,.000,-0.21,-2.81,-0.19,-2.57,.000,.000,.000
343,嶋　基宏,ヤクルト,.000,2,0,0,0,.000,.000,.000,.000,.000,.000,.000,-0.54,-4.86,-0.56,-5.04,.000,.000,.000
343,佐野　如一,オリックス,.000,2,0,0,0,.000,.000,.000,.000,.000,.000,.000,-0.20,-2.70,-0.18,-2.43,.000,.000,.000
343,山本　大斗,ロッテ,.000,2,0,0,0,.000,.000,.000,.000,.000,.000,.000,-0.22,-2.92,-0.20,-2.70,.000,.000,.000
343,片山　雄哉,阪神,.000,2,0,0,0,.000,.000,.000,.000,.000,.000,.000,-0.22,-2.92,-0.20,-2.70,.000,.000,.000
343,益子　京右,DeNA,.000,1,0,0,0,.500,.000,.500,.500,.225,.000,.500,0.21,5.60,0.24,6.48,.000,1.000,1.000
343,松井　雅人,オリックス,.000,1,0,0,0,.000,.000,.000,.000,.000,.000,.000,-0.10,-2.70,-0.09,-2.43,.000,.000,.000
343,堀内　謙伍,楽天,.000,1,0,0,0,.000,.000,.000,.000,.000,.000,.000,-0.10,-2.70,-0.09,-2.43,.000,.000,.000
343,西巻　賢二,ロッテ,.000,0,0,0,0,1.000,.000,1.000,1.000,.450,.000,1.000,0.33,∞,0.34,0.00,.000,.000,.000
343,川原田　純平,ソフトバンク,.000,1,0,0,0,.000,.000,.000,.000,.000,.000,.000,-0.11,-2.92,-0.10,-2.70,.000,.000,.000
343,中熊　大智,西武,.000,1,0,0,0,.000,.000,.000,.000,.000,.000,.000,-0.10,-2.70,-0.09,-2.43,.000,.000,.000
343,石原　彪,楽天,.000,1,0,0,0,.000,.000,.000,.000,.000,.000,.000,-0.10,-2.70,-0.09,-2.43,.000,.000,.000
343,岡田　雅利,西武,.000,0,0,0,0,.000,.000,.000,.000,.000,.000,.000,0.00,0.00,0.00,0.00,.000,.000,.000
343,齊藤　誠人,西武,.000,0,0,0,0,.000,.000,.000,.000,.000,.000,.000,0.00,0.00,0.00,0.00,.000,.000,.000
